ibi,ibf,dEDelta,dEZeroth,dEFirst,dEGroundInit,dEFinalGround
1551,1553,-1.88E-03,-4.95E-08,4.95E-08,9.98E-04,-9.03E-04
1551,1554,-2.65E-03,-4.22E-03,4.22E-03,9.98E-04,-1.01E-03
1551,1555,-3.47E-03,-4.25E-03,4.25E-03,9.98E-04,-1.13E-03
1551,1557,-4.06E-03,-6.34E-03,6.34E-03,9.98E-04,-1.07E-03
1551,1568,-7.08E-03,-7.34E-03,7.34E-03,9.98E-04,-1.13E-03
1551,1572,-8.00E-03,-8.63E-03,8.63E-03,9.98E-04,-1.13E-03
1551,1575,-8.54E-03,-8.91E-03,8.91E-03,9.98E-04,-9.82E-04
1551,1576,-1.12E-02,-8.91E-03,8.91E-03,9.98E-04,-1.13E-03
1551,1577,-1.17E-02,-1.35E-02,1.35E-02,9.98E-04,-1.16E-03
1551,1579,-1.26E-02,-1.36E-02,1.36E-02,9.98E-04,-1.15E-03
1551,1580,-1.35E-02,-1.36E-02,1.36E-02,9.98E-04,-1.22E-03
1551,1582,-1.42E-02,-1.51E-02,1.51E-02,9.98E-04,-1.18E-03
1551,1585,-1.54E-02,-1.62E-02,1.62E-02,9.98E-04,-1.07E-03
1551,1586,-1.72E-02,-1.62E-02,1.62E-02,9.98E-04,-1.19E-03
1551,1587,-1.76E-02,-1.92E-02,1.92E-02,9.98E-04,-1.05E-03
1551,1588,-1.82E-02,-1.92E-02,1.92E-02,9.98E-04,-1.13E-03
1551,1590,-1.88E-02,-1.92E-02,1.92E-02,9.98E-04,-1.06E-03
1551,1591,-1.95E-02,-2.08E-02,2.08E-02,9.98E-04,-1.24E-03
1551,1595,-2.06E-02,-2.18E-02,2.18E-02,9.98E-04,-1.17E-03
1551,1596,-2.06E-02,-2.18E-02,2.18E-02,9.98E-04,-9.56E-04
1551,1597,-2.12E-02,-2.18E-02,2.18E-02,9.98E-04,-1.07E-03
1551,1598,-2.20E-02,-2.18E-02,2.18E-02,9.98E-04,-9.37E-04
1551,1599,-2.68E-02,-2.97E-02,2.97E-02,9.98E-04,-1.11E-03
1551,1600,-2.79E-02,-2.97E-02,2.97E-02,9.98E-04,-1.07E-03
1551,1605,-3.04E-02,-3.29E-02,3.29E-02,9.98E-04,-9.63E-04
1551,1606,-3.10E-02,-3.29E-02,3.29E-02,9.98E-04,-1.05E-03
1551,1607,-3.18E-02,-3.29E-02,3.29E-02,9.98E-04,-1.15E-03
1551,1610,-3.32E-02,-3.39E-02,3.39E-02,9.98E-04,-1.11E-03
1551,1611,-3.98E-02,-4.18E-02,4.18E-02,9.98E-04,-7.99E-04
1551,1612,-4.04E-02,-4.29E-02,4.29E-02,9.98E-04,-8.97E-04
1551,1613,-4.10E-02,-4.29E-02,4.29E-02,9.98E-04,-9.60E-04
1552,1553,-1.88E-03,-4.52E-08,4.52E-08,9.01E-04,-9.03E-04
1552,1554,-2.65E-03,-4.22E-03,4.22E-03,9.01E-04,-1.01E-03
1552,1555,-3.46E-03,-4.25E-03,4.25E-03,9.01E-04,-1.13E-03
1552,1557,-4.06E-03,-6.34E-03,6.34E-03,9.01E-04,-1.07E-03
1552,1568,-7.07E-03,-7.34E-03,7.34E-03,9.01E-04,-1.13E-03
1552,1572,-8.00E-03,-8.63E-03,8.63E-03,9.01E-04,-1.13E-03
1552,1575,-8.54E-03,-8.91E-03,8.91E-03,9.01E-04,-9.82E-04
1552,1576,-1.12E-02,-8.91E-03,8.91E-03,9.01E-04,-1.13E-03
1552,1577,-1.17E-02,-1.35E-02,1.35E-02,9.01E-04,-1.16E-03
1552,1579,-1.25E-02,-1.36E-02,1.36E-02,9.01E-04,-1.15E-03
1552,1580,-1.35E-02,-1.36E-02,1.36E-02,9.01E-04,-1.22E-03
1552,1582,-1.42E-02,-1.51E-02,1.51E-02,9.01E-04,-1.18E-03
1552,1585,-1.54E-02,-1.62E-02,1.62E-02,9.01E-04,-1.07E-03
1552,1586,-1.72E-02,-1.62E-02,1.62E-02,9.01E-04,-1.19E-03
1552,1587,-1.75E-02,-1.92E-02,1.92E-02,9.01E-04,-1.05E-03
1552,1588,-1.82E-02,-1.92E-02,1.92E-02,9.01E-04,-1.13E-03
1552,1590,-1.88E-02,-1.92E-02,1.92E-02,9.01E-04,-1.06E-03
1552,1591,-1.95E-02,-2.08E-02,2.08E-02,9.01E-04,-1.24E-03
1552,1595,-2.06E-02,-2.18E-02,2.18E-02,9.01E-04,-1.17E-03
1552,1596,-2.06E-02,-2.18E-02,2.18E-02,9.01E-04,-9.56E-04
1552,1597,-2.12E-02,-2.18E-02,2.18E-02,9.01E-04,-1.07E-03
1552,1598,-2.20E-02,-2.18E-02,2.18E-02,9.01E-04,-9.37E-04
1552,1599,-2.68E-02,-2.97E-02,2.97E-02,9.01E-04,-1.11E-03
1552,1600,-2.79E-02,-2.97E-02,2.97E-02,9.01E-04,-1.07E-03
1552,1605,-3.04E-02,-3.29E-02,3.29E-02,9.01E-04,-9.63E-04
1552,1606,-3.10E-02,-3.29E-02,3.29E-02,9.01E-04,-1.05E-03
1552,1607,-3.18E-02,-3.29E-02,3.29E-02,9.01E-04,-1.15E-03
1552,1610,-3.32E-02,-3.39E-02,3.39E-02,9.01E-04,-1.11E-03
1552,1611,-3.98E-02,-4.18E-02,4.18E-02,9.01E-04,-7.99E-04
1552,1612,-4.04E-02,-4.29E-02,4.29E-02,9.01E-04,-8.97E-04
1552,1613,-4.10E-02,-4.29E-02,4.29E-02,9.01E-04,-9.60E-04
1553,1551,1.88E-03,4.95E-08,-4.95E-08,9.03E-04,-9.98E-04
1553,1552,1.88E-03,4.52E-08,-4.52E-08,9.03E-04,-9.01E-04
1553,1554,-7.72E-04,-4.22E-03,4.22E-03,9.03E-04,-1.01E-03
1553,1555,-1.59E-03,-4.25E-03,4.25E-03,9.03E-04,-1.13E-03
1553,1557,-2.18E-03,-6.34E-03,6.34E-03,9.03E-04,-1.07E-03
1553,1568,-5.19E-03,-7.34E-03,7.34E-03,9.03E-04,-1.13E-03
1553,1572,-6.12E-03,-8.63E-03,8.63E-03,9.03E-04,-1.13E-03
1553,1575,-6.66E-03,-8.91E-03,8.91E-03,9.03E-04,-9.82E-04
1553,1576,-9.31E-03,-8.91E-03,8.91E-03,9.03E-04,-1.13E-03
1553,1577,-9.79E-03,-1.35E-02,1.35E-02,9.03E-04,-1.16E-03
1553,1579,-1.07E-02,-1.36E-02,1.36E-02,9.03E-04,-1.15E-03
1553,1580,-1.16E-02,-1.36E-02,1.36E-02,9.03E-04,-1.22E-03
1553,1582,-1.23E-02,-1.51E-02,1.51E-02,9.03E-04,-1.18E-03
1553,1585,-1.35E-02,-1.62E-02,1.62E-02,9.03E-04,-1.07E-03
1553,1586,-1.53E-02,-1.62E-02,1.62E-02,9.03E-04,-1.19E-03
1553,1587,-1.57E-02,-1.92E-02,1.92E-02,9.03E-04,-1.05E-03
1553,1588,-1.63E-02,-1.92E-02,1.92E-02,9.03E-04,-1.13E-03
1553,1590,-1.69E-02,-1.92E-02,1.92E-02,9.03E-04,-1.06E-03
1553,1591,-1.76E-02,-2.08E-02,2.08E-02,9.03E-04,-1.24E-03
1553,1595,-1.87E-02,-2.18E-02,2.18E-02,9.03E-04,-1.17E-03
1553,1596,-1.87E-02,-2.18E-02,2.18E-02,9.03E-04,-9.56E-04
1553,1597,-1.93E-02,-2.18E-02,2.18E-02,9.03E-04,-1.07E-03
1553,1598,-2.01E-02,-2.18E-02,2.18E-02,9.03E-04,-9.37E-04
1553,1599,-2.49E-02,-2.97E-02,2.97E-02,9.03E-04,-1.11E-03
1553,1600,-2.60E-02,-2.97E-02,2.97E-02,9.03E-04,-1.07E-03
1553,1605,-2.85E-02,-3.29E-02,3.29E-02,9.03E-04,-9.63E-04
1553,1606,-2.92E-02,-3.29E-02,3.29E-02,9.03E-04,-1.05E-03
1553,1607,-2.99E-02,-3.29E-02,3.29E-02,9.03E-04,-1.15E-03
1553,1610,-3.13E-02,-3.39E-02,3.39E-02,9.03E-04,-1.11E-03
1553,1611,-3.80E-02,-4.18E-02,4.18E-02,9.03E-04,-7.99E-04
1553,1612,-3.85E-02,-4.29E-02,4.29E-02,9.03E-04,-8.97E-04
1553,1613,-3.92E-02,-4.29E-02,4.29E-02,9.03E-04,-9.60E-04
1554,1551,2.65E-03,4.22E-03,-4.22E-03,1.01E-03,-9.98E-04
1554,1552,2.65E-03,4.22E-03,-4.22E-03,1.01E-03,-9.01E-04
1554,1553,7.72E-04,4.22E-03,-4.22E-03,1.01E-03,-9.03E-04
1554,1555,-8.16E-04,-3.69E-05,3.69E-05,1.01E-03,-1.13E-03
1554,1557,-1.41E-03,-2.12E-03,2.12E-03,1.01E-03,-1.07E-03
1554,1568,-4.42E-03,-3.13E-03,3.13E-03,1.01E-03,-1.13E-03
1554,1572,-5.35E-03,-4.41E-03,4.41E-03,1.01E-03,-1.13E-03
1554,1575,-5.89E-03,-4.69E-03,4.69E-03,1.01E-03,-9.82E-04
1554,1576,-8.54E-03,-4.69E-03,4.69E-03,1.01E-03,-1.13E-03
1554,1577,-9.02E-03,-9.31E-03,9.31E-03,1.01E-03,-1.16E-03
1554,1579,-9.90E-03,-9.34E-03,9.34E-03,1.01E-03,-1.15E-03
1554,1580,-1.08E-02,-9.34E-03,9.34E-03,1.01E-03,-1.22E-03
1554,1582,-1.16E-02,-1.09E-02,1.09E-02,1.01E-03,-1.18E-03
1554,1585,-1.28E-02,-1.20E-02,1.20E-02,1.01E-03,-1.07E-03
1554,1586,-1.46E-02,-1.20E-02,1.20E-02,1.01E-03,-1.19E-03
1554,1587,-1.49E-02,-1.50E-02,1.50E-02,1.01E-03,-1.05E-03
1554,1588,-1.56E-02,-1.50E-02,1.50E-02,1.01E-03,-1.13E-03
1554,1590,-1.61E-02,-1.50E-02,1.50E-02,1.01E-03,-1.06E-03
1554,1591,-1.68E-02,-1.66E-02,1.66E-02,1.01E-03,-1.24E-03
1554,1595,-1.80E-02,-1.76E-02,1.76E-02,1.01E-03,-1.17E-03
1554,1596,-1.80E-02,-1.76E-02,1.76E-02,1.01E-03,-9.56E-04
1554,1597,-1.85E-02,-1.76E-02,1.76E-02,1.01E-03,-1.07E-03
1554,1598,-1.93E-02,-1.76E-02,1.76E-02,1.01E-03,-9.37E-04
1554,1599,-2.41E-02,-2.55E-02,2.55E-02,1.01E-03,-1.11E-03
1554,1600,-2.52E-02,-2.55E-02,2.55E-02,1.01E-03,-1.07E-03
1554,1605,-2.77E-02,-2.86E-02,2.86E-02,1.01E-03,-9.63E-04
1554,1606,-2.84E-02,-2.87E-02,2.87E-02,1.01E-03,-1.05E-03
1554,1607,-2.91E-02,-2.87E-02,2.87E-02,1.01E-03,-1.15E-03
1554,1610,-3.05E-02,-2.97E-02,2.97E-02,1.01E-03,-1.11E-03
1554,1611,-3.72E-02,-3.76E-02,3.76E-02,1.01E-03,-7.99E-04
1554,1612,-3.77E-02,-3.87E-02,3.87E-02,1.01E-03,-8.97E-04
1554,1613,-3.84E-02,-3.87E-02,3.87E-02,1.01E-03,-9.60E-04
1555,1551,3.47E-03,4.25E-03,-4.25E-03,1.13E-03,-9.98E-04
1555,1552,3.46E-03,4.25E-03,-4.25E-03,1.13E-03,-9.01E-04
1555,1553,1.59E-03,4.25E-03,-4.25E-03,1.13E-03,-9.03E-04
1555,1554,8.16E-04,3.69E-05,-3.69E-05,1.13E-03,-1.01E-03
1555,1557,-5.93E-04,-2.08E-03,2.08E-03,1.13E-03,-1.07E-03
1555,1568,-3.61E-03,-3.09E-03,3.09E-03,1.13E-03,-1.13E-03
1555,1572,-4.53E-03,-4.37E-03,4.37E-03,1.13E-03,-1.13E-03
1555,1575,-5.07E-03,-4.65E-03,4.65E-03,1.13E-03,-9.82E-04
1555,1576,-7.73E-03,-4.65E-03,4.65E-03,1.13E-03,-1.13E-03
1555,1577,-8.20E-03,-9.27E-03,9.27E-03,1.13E-03,-1.16E-03
1555,1579,-9.08E-03,-9.31E-03,9.31E-03,1.13E-03,-1.15E-03
1555,1580,-9.99E-03,-9.31E-03,9.31E-03,1.13E-03,-1.22E-03
1555,1582,-1.07E-02,-1.08E-02,1.08E-02,1.13E-03,-1.18E-03
1555,1585,-1.20E-02,-1.19E-02,1.19E-02,1.13E-03,-1.07E-03
1555,1586,-1.38E-02,-1.19E-02,1.19E-02,1.13E-03,-1.19E-03
1555,1587,-1.41E-02,-1.49E-02,1.49E-02,1.13E-03,-1.05E-03
1555,1588,-1.47E-02,-1.49E-02,1.49E-02,1.13E-03,-1.13E-03
1555,1590,-1.53E-02,-1.49E-02,1.49E-02,1.13E-03,-1.06E-03
1555,1591,-1.60E-02,-1.65E-02,1.65E-02,1.13E-03,-1.24E-03
1555,1595,-1.72E-02,-1.75E-02,1.75E-02,1.13E-03,-1.17E-03
1555,1596,-1.72E-02,-1.75E-02,1.75E-02,1.13E-03,-9.56E-04
1555,1597,-1.77E-02,-1.75E-02,1.75E-02,1.13E-03,-1.07E-03
1555,1598,-1.85E-02,-1.75E-02,1.75E-02,1.13E-03,-9.37E-04
1555,1599,-2.33E-02,-2.55E-02,2.55E-02,1.13E-03,-1.11E-03
1555,1600,-2.44E-02,-2.55E-02,2.55E-02,1.13E-03,-1.07E-03
1555,1605,-2.69E-02,-2.86E-02,2.86E-02,1.13E-03,-9.63E-04
1555,1606,-2.76E-02,-2.86E-02,2.86E-02,1.13E-03,-1.05E-03
1555,1607,-2.83E-02,-2.86E-02,2.86E-02,1.13E-03,-1.15E-03
1555,1610,-2.97E-02,-2.97E-02,2.97E-02,1.13E-03,-1.11E-03
1555,1611,-3.64E-02,-3.75E-02,3.75E-02,1.13E-03,-7.99E-04
1555,1612,-3.69E-02,-3.86E-02,3.86E-02,1.13E-03,-8.97E-04
1555,1613,-3.76E-02,-3.87E-02,3.87E-02,1.13E-03,-9.60E-04
1557,1551,4.06E-03,6.34E-03,-6.34E-03,1.07E-03,-9.98E-04
1557,1552,4.06E-03,6.34E-03,-6.34E-03,1.07E-03,-9.01E-04
1557,1553,2.18E-03,6.34E-03,-6.34E-03,1.07E-03,-9.03E-04
1557,1554,1.41E-03,2.12E-03,-2.12E-03,1.07E-03,-1.01E-03
1557,1555,5.93E-04,2.08E-03,-2.08E-03,1.07E-03,-1.13E-03
1557,1568,-3.01E-03,-1.01E-03,1.01E-03,1.07E-03,-1.13E-03
1557,1572,-3.94E-03,-2.29E-03,2.29E-03,1.07E-03,-1.13E-03
1557,1575,-4.48E-03,-2.57E-03,2.57E-03,1.07E-03,-9.82E-04
1557,1576,-7.13E-03,-2.57E-03,2.57E-03,1.07E-03,-1.13E-03
1557,1577,-7.61E-03,-7.19E-03,7.19E-03,1.07E-03,-1.16E-03
1557,1579,-8.49E-03,-7.22E-03,7.22E-03,1.07E-03,-1.15E-03
1557,1580,-9.40E-03,-7.22E-03,7.22E-03,1.07E-03,-1.22E-03
1557,1582,-1.02E-02,-8.73E-03,8.73E-03,1.07E-03,-1.18E-03
1557,1585,-1.14E-02,-9.84E-03,9.84E-03,1.07E-03,-1.07E-03
1557,1586,-1.32E-02,-9.84E-03,9.84E-03,1.07E-03,-1.19E-03
1557,1587,-1.35E-02,-1.28E-02,1.28E-02,1.07E-03,-1.05E-03
1557,1588,-1.41E-02,-1.28E-02,1.28E-02,1.07E-03,-1.13E-03
1557,1590,-1.47E-02,-1.28E-02,1.28E-02,1.07E-03,-1.06E-03
1557,1591,-1.54E-02,-1.44E-02,1.44E-02,1.07E-03,-1.24E-03
1557,1595,-1.66E-02,-1.55E-02,1.55E-02,1.07E-03,-1.17E-03
1557,1596,-1.66E-02,-1.55E-02,1.55E-02,1.07E-03,-9.56E-04
1557,1597,-1.71E-02,-1.55E-02,1.55E-02,1.07E-03,-1.07E-03
1557,1598,-1.79E-02,-1.55E-02,1.55E-02,1.07E-03,-9.37E-04
1557,1599,-2.27E-02,-2.34E-02,2.34E-02,1.07E-03,-1.11E-03
1557,1600,-2.38E-02,-2.34E-02,2.34E-02,1.07E-03,-1.07E-03
1557,1605,-2.63E-02,-2.65E-02,2.65E-02,1.07E-03,-9.63E-04
1557,1606,-2.70E-02,-2.65E-02,2.65E-02,1.07E-03,-1.05E-03
1557,1607,-2.77E-02,-2.66E-02,2.66E-02,1.07E-03,-1.15E-03
1557,1610,-2.91E-02,-2.76E-02,2.76E-02,1.07E-03,-1.11E-03
1557,1611,-3.58E-02,-3.55E-02,3.55E-02,1.07E-03,-7.99E-04
1557,1612,-3.63E-02,-3.66E-02,3.66E-02,1.07E-03,-8.97E-04
1557,1613,-3.70E-02,-3.66E-02,3.66E-02,1.07E-03,-9.60E-04
1568,1551,7.08E-03,7.34E-03,-7.34E-03,1.13E-03,-9.98E-04
1568,1552,7.07E-03,7.34E-03,-7.34E-03,1.13E-03,-9.01E-04
1568,1553,5.19E-03,7.34E-03,-7.34E-03,1.13E-03,-9.03E-04
1568,1554,4.42E-03,3.13E-03,-3.13E-03,1.13E-03,-1.01E-03
1568,1555,3.61E-03,3.09E-03,-3.09E-03,1.13E-03,-1.13E-03
1568,1557,3.01E-03,1.01E-03,-1.01E-03,1.13E-03,-1.07E-03
1568,1572,-9.27E-04,-1.29E-03,1.29E-03,1.13E-03,-1.13E-03
1568,1575,-1.47E-03,-1.56E-03,1.56E-03,1.13E-03,-9.82E-04
1568,1576,-4.12E-03,-1.56E-03,1.56E-03,1.13E-03,-1.13E-03
1568,1577,-4.59E-03,-6.18E-03,6.18E-03,1.13E-03,-1.16E-03
1568,1579,-5.48E-03,-6.22E-03,6.22E-03,1.13E-03,-1.15E-03
1568,1580,-6.39E-03,-6.22E-03,6.22E-03,1.13E-03,-1.22E-03
1568,1582,-7.14E-03,-7.73E-03,7.73E-03,1.13E-03,-1.18E-03
1568,1585,-8.35E-03,-8.83E-03,8.83E-03,1.13E-03,-1.07E-03
1568,1586,-1.02E-02,-8.83E-03,8.83E-03,1.13E-03,-1.19E-03
1568,1587,-1.05E-02,-1.18E-02,1.18E-02,1.13E-03,-1.05E-03
1568,1588,-1.11E-02,-1.18E-02,1.18E-02,1.13E-03,-1.13E-03
1568,1590,-1.17E-02,-1.18E-02,1.18E-02,1.13E-03,-1.06E-03
1568,1591,-1.24E-02,-1.34E-02,1.34E-02,1.13E-03,-1.24E-03
1568,1595,-1.35E-02,-1.44E-02,1.44E-02,1.13E-03,-1.17E-03
1568,1596,-1.36E-02,-1.44E-02,1.44E-02,1.13E-03,-9.56E-04
1568,1597,-1.41E-02,-1.44E-02,1.44E-02,1.13E-03,-1.07E-03
1568,1598,-1.49E-02,-1.44E-02,1.44E-02,1.13E-03,-9.37E-04
1568,1599,-1.97E-02,-2.24E-02,2.24E-02,1.13E-03,-1.11E-03
1568,1600,-2.08E-02,-2.24E-02,2.24E-02,1.13E-03,-1.07E-03
1568,1605,-2.33E-02,-2.55E-02,2.55E-02,1.13E-03,-9.63E-04
1568,1606,-2.40E-02,-2.55E-02,2.55E-02,1.13E-03,-1.05E-03
1568,1607,-2.47E-02,-2.56E-02,2.56E-02,1.13E-03,-1.15E-03
1568,1610,-2.61E-02,-2.66E-02,2.66E-02,1.13E-03,-1.11E-03
1568,1611,-3.28E-02,-3.45E-02,3.45E-02,1.13E-03,-7.99E-04
1568,1612,-3.33E-02,-3.55E-02,3.55E-02,1.13E-03,-8.97E-04
1568,1613,-3.40E-02,-3.56E-02,3.56E-02,1.13E-03,-9.60E-04
1572,1551,8.00E-03,8.63E-03,-8.63E-03,1.13E-03,-9.98E-04
1572,1552,8.00E-03,8.63E-03,-8.63E-03,1.13E-03,-9.01E-04
1572,1553,6.12E-03,8.63E-03,-8.63E-03,1.13E-03,-9.03E-04
1572,1554,5.35E-03,4.41E-03,-4.41E-03,1.13E-03,-1.01E-03
1572,1555,4.53E-03,4.37E-03,-4.37E-03,1.13E-03,-1.13E-03
1572,1557,3.94E-03,2.29E-03,-2.29E-03,1.13E-03,-1.07E-03
1572,1568,9.27E-04,1.29E-03,-1.29E-03,1.13E-03,-1.13E-03
1572,1575,-5.40E-04,-2.77E-04,2.77E-04,1.13E-03,-9.82E-04
1572,1576,-3.19E-03,-2.77E-04,2.77E-04,1.13E-03,-1.13E-03
1572,1577,-3.67E-03,-4.90E-03,4.90E-03,1.13E-03,-1.16E-03
1572,1579,-4.55E-03,-4.93E-03,4.93E-03,1.13E-03,-1.15E-03
1572,1580,-5.46E-03,-4.93E-03,4.93E-03,1.13E-03,-1.22E-03
1572,1582,-6.22E-03,-6.44E-03,6.44E-03,1.13E-03,-1.18E-03
1572,1585,-7.42E-03,-7.55E-03,7.55E-03,1.13E-03,-1.07E-03
1572,1586,-9.23E-03,-7.55E-03,7.55E-03,1.13E-03,-1.19E-03
1572,1587,-9.55E-03,-1.06E-02,1.06E-02,1.13E-03,-1.05E-03
1572,1588,-1.02E-02,-1.06E-02,1.06E-02,1.13E-03,-1.13E-03
1572,1590,-1.08E-02,-1.06E-02,1.06E-02,1.13E-03,-1.06E-03
1572,1591,-1.15E-02,-1.21E-02,1.21E-02,1.13E-03,-1.24E-03
1572,1595,-1.26E-02,-1.32E-02,1.32E-02,1.13E-03,-1.17E-03
1572,1596,-1.26E-02,-1.32E-02,1.32E-02,1.13E-03,-9.56E-04
1572,1597,-1.32E-02,-1.32E-02,1.32E-02,1.13E-03,-1.07E-03
1572,1598,-1.40E-02,-1.32E-02,1.32E-02,1.13E-03,-9.37E-04
1572,1599,-1.88E-02,-2.11E-02,2.11E-02,1.13E-03,-1.11E-03
1572,1600,-1.99E-02,-2.11E-02,2.11E-02,1.13E-03,-1.07E-03
1572,1605,-2.24E-02,-2.42E-02,2.42E-02,1.13E-03,-9.63E-04
1572,1606,-2.30E-02,-2.42E-02,2.42E-02,1.13E-03,-1.05E-03
1572,1607,-2.38E-02,-2.43E-02,2.43E-02,1.13E-03,-1.15E-03
1572,1610,-2.52E-02,-2.53E-02,2.53E-02,1.13E-03,-1.11E-03
1572,1611,-3.18E-02,-3.32E-02,3.32E-02,1.13E-03,-7.99E-04
1572,1612,-3.24E-02,-3.43E-02,3.43E-02,1.13E-03,-8.97E-04
1572,1613,-3.30E-02,-3.43E-02,3.43E-02,1.13E-03,-9.60E-04
1575,1551,8.54E-03,8.91E-03,-8.91E-03,9.82E-04,-9.98E-04
1575,1552,8.54E-03,8.91E-03,-8.91E-03,9.82E-04,-9.01E-04
1575,1553,6.66E-03,8.91E-03,-8.91E-03,9.82E-04,-9.03E-04
1575,1554,5.89E-03,4.69E-03,-4.69E-03,9.82E-04,-1.01E-03
1575,1555,5.07E-03,4.65E-03,-4.65E-03,9.82E-04,-1.13E-03
1575,1557,4.48E-03,2.57E-03,-2.57E-03,9.82E-04,-1.07E-03
1575,1568,1.47E-03,1.56E-03,-1.56E-03,9.82E-04,-1.13E-03
1575,1572,5.40E-04,2.77E-04,-2.77E-04,9.82E-04,-1.13E-03
1575,1577,-3.13E-03,-4.62E-03,4.62E-03,9.82E-04,-1.16E-03
1575,1579,-4.01E-03,-4.65E-03,4.65E-03,9.82E-04,-1.15E-03
1575,1580,-4.92E-03,-4.65E-03,4.65E-03,9.82E-04,-1.22E-03
1575,1582,-5.68E-03,-6.16E-03,6.16E-03,9.82E-04,-1.18E-03
1575,1585,-6.88E-03,-7.27E-03,7.27E-03,9.82E-04,-1.07E-03
1575,1586,-8.69E-03,-7.27E-03,7.27E-03,9.82E-04,-1.19E-03
1575,1587,-9.01E-03,-1.03E-02,1.03E-02,9.82E-04,-1.05E-03
1575,1588,-9.66E-03,-1.03E-02,1.03E-02,9.82E-04,-1.13E-03
1575,1590,-1.02E-02,-1.03E-02,1.03E-02,9.82E-04,-1.06E-03
1575,1591,-1.09E-02,-1.19E-02,1.19E-02,9.82E-04,-1.24E-03
1575,1595,-1.21E-02,-1.29E-02,1.29E-02,9.82E-04,-1.17E-03
1575,1596,-1.21E-02,-1.29E-02,1.29E-02,9.82E-04,-9.56E-04
1575,1597,-1.26E-02,-1.29E-02,1.29E-02,9.82E-04,-1.07E-03
1575,1598,-1.34E-02,-1.29E-02,1.29E-02,9.82E-04,-9.37E-04
1575,1599,-1.82E-02,-2.08E-02,2.08E-02,9.82E-04,-1.11E-03
1575,1600,-1.93E-02,-2.08E-02,2.08E-02,9.82E-04,-1.07E-03
1575,1605,-2.18E-02,-2.40E-02,2.40E-02,9.82E-04,-9.63E-04
1575,1606,-2.25E-02,-2.40E-02,2.40E-02,9.82E-04,-1.05E-03
1575,1607,-2.32E-02,-2.40E-02,2.40E-02,9.82E-04,-1.15E-03
1575,1610,-2.47E-02,-2.50E-02,2.50E-02,9.82E-04,-1.11E-03
1575,1611,-3.13E-02,-3.29E-02,3.29E-02,9.82E-04,-7.99E-04
1575,1612,-3.18E-02,-3.40E-02,3.40E-02,9.82E-04,-8.97E-04
1575,1613,-3.25E-02,-3.40E-02,3.40E-02,9.82E-04,-9.60E-04
1576,1551,1.12E-02,8.91E-03,-8.91E-03,1.13E-03,-9.98E-04
1576,1552,1.12E-02,8.91E-03,-8.91E-03,1.13E-03,-9.01E-04
1576,1553,9.31E-03,8.91E-03,-8.91E-03,1.13E-03,-9.03E-04
1576,1554,8.54E-03,4.69E-03,-4.69E-03,1.13E-03,-1.01E-03
1576,1555,7.73E-03,4.65E-03,-4.65E-03,1.13E-03,-1.13E-03
1576,1557,7.13E-03,2.57E-03,-2.57E-03,1.13E-03,-1.07E-03
1576,1568,4.12E-03,1.56E-03,-1.56E-03,1.13E-03,-1.13E-03
1576,1572,3.19E-03,2.77E-04,-2.77E-04,1.13E-03,-1.13E-03
1576,1577,-4.73E-04,-4.62E-03,4.62E-03,1.13E-03,-1.16E-03
1576,1579,-1.36E-03,-4.65E-03,4.65E-03,1.13E-03,-1.15E-03
1576,1580,-2.26E-03,-4.65E-03,4.65E-03,1.13E-03,-1.22E-03
1576,1582,-3.02E-03,-6.16E-03,6.16E-03,1.13E-03,-1.18E-03
1576,1585,-4.23E-03,-7.27E-03,7.27E-03,1.13E-03,-1.07E-03
1576,1586,-6.03E-03,-7.27E-03,7.27E-03,1.13E-03,-1.19E-03
1576,1587,-6.35E-03,-1.03E-02,1.03E-02,1.13E-03,-1.05E-03
1576,1588,-7.01E-03,-1.03E-02,1.03E-02,1.13E-03,-1.13E-03
1576,1590,-7.57E-03,-1.03E-02,1.03E-02,1.13E-03,-1.06E-03
1576,1591,-8.30E-03,-1.19E-02,1.19E-02,1.13E-03,-1.24E-03
1576,1595,-9.43E-03,-1.29E-02,1.29E-02,1.13E-03,-1.17E-03
1576,1596,-9.43E-03,-1.29E-02,1.29E-02,1.13E-03,-9.56E-04
1576,1597,-9.99E-03,-1.29E-02,1.29E-02,1.13E-03,-1.07E-03
1576,1598,-1.08E-02,-1.29E-02,1.29E-02,1.13E-03,-9.37E-04
1576,1599,-1.56E-02,-2.08E-02,2.08E-02,1.13E-03,-1.11E-03
1576,1600,-1.67E-02,-2.08E-02,2.08E-02,1.13E-03,-1.07E-03
1576,1605,-1.92E-02,-2.40E-02,2.40E-02,1.13E-03,-9.63E-04
1576,1606,-1.98E-02,-2.40E-02,2.40E-02,1.13E-03,-1.05E-03
1576,1607,-2.06E-02,-2.40E-02,2.40E-02,1.13E-03,-1.15E-03
1576,1610,-2.20E-02,-2.50E-02,2.50E-02,1.13E-03,-1.11E-03
1576,1611,-2.86E-02,-3.29E-02,3.29E-02,1.13E-03,-7.99E-04
1576,1612,-2.92E-02,-3.40E-02,3.40E-02,1.13E-03,-8.97E-04
1576,1613,-2.98E-02,-3.40E-02,3.40E-02,1.13E-03,-9.60E-04
1577,1551,1.17E-02,1.35E-02,-1.35E-02,1.16E-03,-9.98E-04
1577,1552,1.17E-02,1.35E-02,-1.35E-02,1.16E-03,-9.01E-04
1577,1553,9.79E-03,1.35E-02,-1.35E-02,1.16E-03,-9.03E-04
1577,1554,9.02E-03,9.31E-03,-9.31E-03,1.16E-03,-1.01E-03
1577,1555,8.20E-03,9.27E-03,-9.27E-03,1.16E-03,-1.13E-03
1577,1557,7.61E-03,7.19E-03,-7.19E-03,1.16E-03,-1.07E-03
1577,1568,4.59E-03,6.18E-03,-6.18E-03,1.16E-03,-1.13E-03
1577,1572,3.67E-03,4.90E-03,-4.90E-03,1.16E-03,-1.13E-03
1577,1575,3.13E-03,4.62E-03,-4.62E-03,1.16E-03,-9.82E-04
1577,1576,4.73E-04,4.62E-03,-4.62E-03,1.16E-03,-1.13E-03
1577,1579,-8.84E-04,-3.58E-05,3.58E-05,1.16E-03,-1.15E-03
1577,1580,-1.79E-03,-3.61E-05,3.61E-05,1.16E-03,-1.22E-03
1577,1582,-2.55E-03,-1.54E-03,1.54E-03,1.16E-03,-1.18E-03
1577,1585,-3.75E-03,-2.65E-03,2.65E-03,1.16E-03,-1.07E-03
1577,1586,-5.56E-03,-2.65E-03,2.65E-03,1.16E-03,-1.19E-03
1577,1587,-5.88E-03,-5.65E-03,5.65E-03,1.16E-03,-1.05E-03
1577,1588,-6.53E-03,-5.65E-03,5.65E-03,1.16E-03,-1.13E-03
1577,1590,-7.10E-03,-5.66E-03,5.66E-03,1.16E-03,-1.06E-03
1577,1591,-7.82E-03,-7.25E-03,7.25E-03,1.16E-03,-1.24E-03
1577,1595,-8.96E-03,-8.27E-03,8.27E-03,1.16E-03,-1.17E-03
1577,1596,-8.96E-03,-8.27E-03,8.27E-03,1.16E-03,-9.56E-04
1577,1597,-9.52E-03,-8.27E-03,8.27E-03,1.16E-03,-1.07E-03
1577,1598,-1.03E-02,-8.27E-03,8.27E-03,1.16E-03,-9.37E-04
1577,1599,-1.51E-02,-1.62E-02,1.62E-02,1.16E-03,-1.11E-03
1577,1600,-1.62E-02,-1.62E-02,1.62E-02,1.16E-03,-1.07E-03
1577,1605,-1.87E-02,-1.93E-02,1.93E-02,1.16E-03,-9.63E-04
1577,1606,-1.94E-02,-1.93E-02,1.93E-02,1.16E-03,-1.05E-03
1577,1607,-2.01E-02,-1.94E-02,1.94E-02,1.16E-03,-1.15E-03
1577,1610,-2.15E-02,-2.04E-02,2.04E-02,1.16E-03,-1.11E-03
1577,1611,-2.82E-02,-2.83E-02,2.83E-02,1.16E-03,-7.99E-04
1577,1612,-2.87E-02,-2.94E-02,2.94E-02,1.16E-03,-8.97E-04
1577,1613,-2.94E-02,-2.94E-02,2.94E-02,1.16E-03,-9.60E-04
1579,1551,1.26E-02,1.36E-02,-1.36E-02,1.15E-03,-9.98E-04
1579,1552,1.25E-02,1.36E-02,-1.36E-02,1.15E-03,-9.01E-04
1579,1553,1.07E-02,1.36E-02,-1.36E-02,1.15E-03,-9.03E-04
1579,1554,9.90E-03,9.34E-03,-9.34E-03,1.15E-03,-1.01E-03
1579,1555,9.08E-03,9.31E-03,-9.31E-03,1.15E-03,-1.13E-03
1579,1557,8.49E-03,7.22E-03,-7.22E-03,1.15E-03,-1.07E-03
1579,1568,5.48E-03,6.22E-03,-6.22E-03,1.15E-03,-1.13E-03
1579,1572,4.55E-03,4.93E-03,-4.93E-03,1.15E-03,-1.13E-03
1579,1575,4.01E-03,4.65E-03,-4.65E-03,1.15E-03,-9.82E-04
1579,1576,1.36E-03,4.65E-03,-4.65E-03,1.15E-03,-1.13E-03
1579,1577,8.84E-04,3.58E-05,-3.58E-05,1.15E-03,-1.16E-03
1579,1580,-9.07E-04,-2.98E-07,2.98E-07,1.15E-03,-1.22E-03
1579,1582,-1.66E-03,-1.51E-03,1.51E-03,1.15E-03,-1.18E-03
1579,1585,-2.87E-03,-2.62E-03,2.62E-03,1.15E-03,-1.07E-03
1579,1586,-4.68E-03,-2.62E-03,2.62E-03,1.15E-03,-1.19E-03
1579,1587,-5.00E-03,-5.62E-03,5.62E-03,1.15E-03,-1.05E-03
1579,1588,-5.65E-03,-5.62E-03,5.62E-03,1.15E-03,-1.13E-03
1579,1590,-6.21E-03,-5.62E-03,5.62E-03,1.15E-03,-1.06E-03
1579,1591,-6.94E-03,-7.21E-03,7.21E-03,1.15E-03,-1.24E-03
1579,1595,-8.07E-03,-8.23E-03,8.23E-03,1.15E-03,-1.17E-03
1579,1596,-8.07E-03,-8.23E-03,8.23E-03,1.15E-03,-9.56E-04
1579,1597,-8.64E-03,-8.23E-03,8.23E-03,1.15E-03,-1.07E-03
1579,1598,-9.42E-03,-8.23E-03,8.23E-03,1.15E-03,-9.37E-04
1579,1599,-1.42E-02,-1.62E-02,1.62E-02,1.15E-03,-1.11E-03
1579,1600,-1.53E-02,-1.62E-02,1.62E-02,1.15E-03,-1.07E-03
1579,1605,-1.78E-02,-1.93E-02,1.93E-02,1.15E-03,-9.63E-04
1579,1606,-1.85E-02,-1.93E-02,1.93E-02,1.15E-03,-1.05E-03
1579,1607,-1.92E-02,-1.93E-02,1.93E-02,1.15E-03,-1.15E-03
1579,1610,-2.06E-02,-2.04E-02,2.04E-02,1.15E-03,-1.11E-03
1579,1611,-2.73E-02,-2.82E-02,2.82E-02,1.15E-03,-7.99E-04
1579,1612,-2.78E-02,-2.93E-02,2.93E-02,1.15E-03,-8.97E-04
1579,1613,-2.85E-02,-2.94E-02,2.94E-02,1.15E-03,-9.60E-04
1580,1551,1.35E-02,1.36E-02,-1.36E-02,1.22E-03,-9.98E-04
1580,1552,1.35E-02,1.36E-02,-1.36E-02,1.22E-03,-9.01E-04
1580,1553,1.16E-02,1.36E-02,-1.36E-02,1.22E-03,-9.03E-04
1580,1554,1.08E-02,9.34E-03,-9.34E-03,1.22E-03,-1.01E-03
1580,1555,9.99E-03,9.31E-03,-9.31E-03,1.22E-03,-1.13E-03
1580,1557,9.40E-03,7.22E-03,-7.22E-03,1.22E-03,-1.07E-03
1580,1568,6.39E-03,6.22E-03,-6.22E-03,1.22E-03,-1.13E-03
1580,1572,5.46E-03,4.93E-03,-4.93E-03,1.22E-03,-1.13E-03
1580,1575,4.92E-03,4.65E-03,-4.65E-03,1.22E-03,-9.82E-04
1580,1576,2.26E-03,4.65E-03,-4.65E-03,1.22E-03,-1.13E-03
1580,1577,1.79E-03,3.61E-05,-3.61E-05,1.22E-03,-1.16E-03
1580,1579,9.07E-04,2.98E-07,-2.98E-07,1.22E-03,-1.15E-03
1580,1582,-7.58E-04,-1.51E-03,1.51E-03,1.22E-03,-1.18E-03
1580,1585,-1.96E-03,-2.62E-03,2.62E-03,1.22E-03,-1.07E-03
1580,1586,-3.77E-03,-2.62E-03,2.62E-03,1.22E-03,-1.19E-03
1580,1587,-4.09E-03,-5.62E-03,5.62E-03,1.22E-03,-1.05E-03
1580,1588,-4.74E-03,-5.62E-03,5.62E-03,1.22E-03,-1.13E-03
1580,1590,-5.31E-03,-5.62E-03,5.62E-03,1.22E-03,-1.06E-03
1580,1591,-6.03E-03,-7.21E-03,7.21E-03,1.22E-03,-1.24E-03
1580,1595,-7.16E-03,-8.23E-03,8.23E-03,1.22E-03,-1.17E-03
1580,1596,-7.17E-03,-8.23E-03,8.23E-03,1.22E-03,-9.56E-04
1580,1597,-7.73E-03,-8.23E-03,8.23E-03,1.22E-03,-1.07E-03
1580,1598,-8.51E-03,-8.23E-03,8.23E-03,1.22E-03,-9.37E-04
1580,1599,-1.33E-02,-1.62E-02,1.62E-02,1.22E-03,-1.11E-03
1580,1600,-1.44E-02,-1.62E-02,1.62E-02,1.22E-03,-1.07E-03
1580,1605,-1.69E-02,-1.93E-02,1.93E-02,1.22E-03,-9.63E-04
1580,1606,-1.76E-02,-1.93E-02,1.93E-02,1.22E-03,-1.05E-03
1580,1607,-1.83E-02,-1.93E-02,1.93E-02,1.22E-03,-1.15E-03
1580,1610,-1.97E-02,-2.04E-02,2.04E-02,1.22E-03,-1.11E-03
1580,1611,-2.64E-02,-2.82E-02,2.82E-02,1.22E-03,-7.99E-04
1580,1612,-2.69E-02,-2.93E-02,2.93E-02,1.22E-03,-8.97E-04
1580,1613,-2.76E-02,-2.94E-02,2.94E-02,1.22E-03,-9.60E-04
1582,1551,1.42E-02,1.51E-02,-1.51E-02,1.18E-03,-9.98E-04
1582,1552,1.42E-02,1.51E-02,-1.51E-02,1.18E-03,-9.01E-04
1582,1553,1.23E-02,1.51E-02,-1.51E-02,1.18E-03,-9.03E-04
1582,1554,1.16E-02,1.09E-02,-1.09E-02,1.18E-03,-1.01E-03
1582,1555,1.07E-02,1.08E-02,-1.08E-02,1.18E-03,-1.13E-03
1582,1557,1.02E-02,8.73E-03,-8.73E-03,1.18E-03,-1.07E-03
1582,1568,7.14E-03,7.73E-03,-7.73E-03,1.18E-03,-1.13E-03
1582,1572,6.22E-03,6.44E-03,-6.44E-03,1.18E-03,-1.13E-03
1582,1575,5.68E-03,6.16E-03,-6.16E-03,1.18E-03,-9.82E-04
1582,1576,3.02E-03,6.16E-03,-6.16E-03,1.18E-03,-1.13E-03
1582,1577,2.55E-03,1.54E-03,-1.54E-03,1.18E-03,-1.16E-03
1582,1579,1.66E-03,1.51E-03,-1.51E-03,1.18E-03,-1.15E-03
1582,1580,7.58E-04,1.51E-03,-1.51E-03,1.18E-03,-1.22E-03
1582,1585,-1.20E-03,-1.11E-03,1.11E-03,1.18E-03,-1.07E-03
1582,1586,-3.01E-03,-1.11E-03,1.11E-03,1.18E-03,-1.19E-03
1582,1587,-3.33E-03,-4.11E-03,4.11E-03,1.18E-03,-1.05E-03
1582,1588,-3.99E-03,-4.11E-03,4.11E-03,1.18E-03,-1.13E-03
1582,1590,-4.55E-03,-4.11E-03,4.11E-03,1.18E-03,-1.06E-03
1582,1591,-5.27E-03,-5.70E-03,5.70E-03,1.18E-03,-1.24E-03
1582,1595,-6.41E-03,-6.72E-03,6.72E-03,1.18E-03,-1.17E-03
1582,1596,-6.41E-03,-6.72E-03,6.72E-03,1.18E-03,-9.56E-04
1582,1597,-6.97E-03,-6.72E-03,6.72E-03,1.18E-03,-1.07E-03
1582,1598,-7.75E-03,-6.72E-03,6.72E-03,1.18E-03,-9.37E-04
1582,1599,-1.25E-02,-1.47E-02,1.47E-02,1.18E-03,-1.11E-03
1582,1600,-1.37E-02,-1.47E-02,1.47E-02,1.18E-03,-1.07E-03
1582,1605,-1.61E-02,-1.78E-02,1.78E-02,1.18E-03,-9.63E-04
1582,1606,-1.68E-02,-1.78E-02,1.78E-02,1.18E-03,-1.05E-03
1582,1607,-1.75E-02,-1.78E-02,1.78E-02,1.18E-03,-1.15E-03
1582,1610,-1.90E-02,-1.89E-02,1.89E-02,1.18E-03,-1.11E-03
1582,1611,-2.56E-02,-2.67E-02,2.67E-02,1.18E-03,-7.99E-04
1582,1612,-2.62E-02,-2.78E-02,2.78E-02,1.18E-03,-8.97E-04
1582,1613,-2.68E-02,-2.79E-02,2.79E-02,1.18E-03,-9.60E-04
1585,1551,1.54E-02,1.62E-02,-1.62E-02,1.07E-03,-9.98E-04
1585,1552,1.54E-02,1.62E-02,-1.62E-02,1.07E-03,-9.01E-04
1585,1553,1.35E-02,1.62E-02,-1.62E-02,1.07E-03,-9.03E-04
1585,1554,1.28E-02,1.20E-02,-1.20E-02,1.07E-03,-1.01E-03
1585,1555,1.20E-02,1.19E-02,-1.19E-02,1.07E-03,-1.13E-03
1585,1557,1.14E-02,9.84E-03,-9.84E-03,1.07E-03,-1.07E-03
1585,1568,8.35E-03,8.83E-03,-8.83E-03,1.07E-03,-1.13E-03
1585,1572,7.42E-03,7.55E-03,-7.55E-03,1.07E-03,-1.13E-03
1585,1575,6.88E-03,7.27E-03,-7.27E-03,1.07E-03,-9.82E-04
1585,1576,4.23E-03,7.27E-03,-7.27E-03,1.07E-03,-1.13E-03
1585,1577,3.75E-03,2.65E-03,-2.65E-03,1.07E-03,-1.16E-03
1585,1579,2.87E-03,2.62E-03,-2.62E-03,1.07E-03,-1.15E-03
1585,1580,1.96E-03,2.62E-03,-2.62E-03,1.07E-03,-1.22E-03
1585,1582,1.20E-03,1.11E-03,-1.11E-03,1.07E-03,-1.18E-03
1585,1586,-1.81E-03,-1.46E-07,1.46E-07,1.07E-03,-1.19E-03
1585,1587,-2.13E-03,-3.00E-03,3.00E-03,1.07E-03,-1.05E-03
1585,1588,-2.78E-03,-3.00E-03,3.00E-03,1.07E-03,-1.13E-03
1585,1590,-3.34E-03,-3.00E-03,3.00E-03,1.07E-03,-1.06E-03
1585,1591,-4.07E-03,-4.60E-03,4.60E-03,1.07E-03,-1.24E-03
1585,1595,-5.20E-03,-5.62E-03,5.62E-03,1.07E-03,-1.17E-03
1585,1596,-5.20E-03,-5.62E-03,5.62E-03,1.07E-03,-9.56E-04
1585,1597,-5.77E-03,-5.62E-03,5.62E-03,1.07E-03,-1.07E-03
1585,1598,-6.55E-03,-5.62E-03,5.62E-03,1.07E-03,-9.37E-04
1585,1599,-1.13E-02,-1.36E-02,1.36E-02,1.07E-03,-1.11E-03
1585,1600,-1.25E-02,-1.36E-02,1.36E-02,1.07E-03,-1.07E-03
1585,1605,-1.49E-02,-1.67E-02,1.67E-02,1.07E-03,-9.63E-04
1585,1606,-1.56E-02,-1.67E-02,1.67E-02,1.07E-03,-1.05E-03
1585,1607,-1.63E-02,-1.67E-02,1.67E-02,1.07E-03,-1.15E-03
1585,1610,-1.78E-02,-1.78E-02,1.78E-02,1.07E-03,-1.11E-03
1585,1611,-2.44E-02,-2.56E-02,2.56E-02,1.07E-03,-7.99E-04
1585,1612,-2.50E-02,-2.67E-02,2.67E-02,1.07E-03,-8.97E-04
1585,1613,-2.56E-02,-2.67E-02,2.67E-02,1.07E-03,-9.60E-04
1586,1551,1.72E-02,1.62E-02,-1.62E-02,1.19E-03,-9.98E-04
1586,1552,1.72E-02,1.62E-02,-1.62E-02,1.19E-03,-9.01E-04
1586,1553,1.53E-02,1.62E-02,-1.62E-02,1.19E-03,-9.03E-04
1586,1554,1.46E-02,1.20E-02,-1.20E-02,1.19E-03,-1.01E-03
1586,1555,1.38E-02,1.19E-02,-1.19E-02,1.19E-03,-1.13E-03
1586,1557,1.32E-02,9.84E-03,-9.84E-03,1.19E-03,-1.07E-03
1586,1568,1.02E-02,8.83E-03,-8.83E-03,1.19E-03,-1.13E-03
1586,1572,9.23E-03,7.55E-03,-7.55E-03,1.19E-03,-1.13E-03
1586,1575,8.69E-03,7.27E-03,-7.27E-03,1.19E-03,-9.82E-04
1586,1576,6.03E-03,7.27E-03,-7.27E-03,1.19E-03,-1.13E-03
1586,1577,5.56E-03,2.65E-03,-2.65E-03,1.19E-03,-1.16E-03
1586,1579,4.68E-03,2.62E-03,-2.62E-03,1.19E-03,-1.15E-03
1586,1580,3.77E-03,2.62E-03,-2.62E-03,1.19E-03,-1.22E-03
1586,1582,3.01E-03,1.11E-03,-1.11E-03,1.19E-03,-1.18E-03
1586,1585,1.81E-03,1.46E-07,-1.46E-07,1.19E-03,-1.07E-03
1586,1587,-3.20E-04,-3.00E-03,3.00E-03,1.19E-03,-1.05E-03
1586,1588,-9.74E-04,-3.00E-03,3.00E-03,1.19E-03,-1.13E-03
1586,1590,-1.54E-03,-3.00E-03,3.00E-03,1.19E-03,-1.06E-03
1586,1591,-2.26E-03,-4.60E-03,4.60E-03,1.19E-03,-1.24E-03
1586,1595,-3.39E-03,-5.62E-03,5.62E-03,1.19E-03,-1.17E-03
1586,1596,-3.40E-03,-5.62E-03,5.62E-03,1.19E-03,-9.56E-04
1586,1597,-3.96E-03,-5.62E-03,5.62E-03,1.19E-03,-1.07E-03
1586,1598,-4.74E-03,-5.62E-03,5.62E-03,1.19E-03,-9.37E-04
1586,1599,-9.53E-03,-1.36E-02,1.36E-02,1.19E-03,-1.11E-03
1586,1600,-1.06E-02,-1.36E-02,1.36E-02,1.19E-03,-1.07E-03
1586,1605,-1.31E-02,-1.67E-02,1.67E-02,1.19E-03,-9.63E-04
1586,1606,-1.38E-02,-1.67E-02,1.67E-02,1.19E-03,-1.05E-03
1586,1607,-1.45E-02,-1.67E-02,1.67E-02,1.19E-03,-1.15E-03
1586,1610,-1.60E-02,-1.78E-02,1.78E-02,1.19E-03,-1.11E-03
1586,1611,-2.26E-02,-2.56E-02,2.56E-02,1.19E-03,-7.99E-04
1586,1612,-2.31E-02,-2.67E-02,2.67E-02,1.19E-03,-8.97E-04
1586,1613,-2.38E-02,-2.67E-02,2.67E-02,1.19E-03,-9.60E-04
1587,1551,1.76E-02,1.92E-02,-1.92E-02,1.05E-03,-9.98E-04
1587,1552,1.75E-02,1.92E-02,-1.92E-02,1.05E-03,-9.01E-04
1587,1553,1.57E-02,1.92E-02,-1.92E-02,1.05E-03,-9.03E-04
1587,1554,1.49E-02,1.50E-02,-1.50E-02,1.05E-03,-1.01E-03
1587,1555,1.41E-02,1.49E-02,-1.49E-02,1.05E-03,-1.13E-03
1587,1557,1.35E-02,1.28E-02,-1.28E-02,1.05E-03,-1.07E-03
1587,1568,1.05E-02,1.18E-02,-1.18E-02,1.05E-03,-1.13E-03
1587,1572,9.55E-03,1.06E-02,-1.06E-02,1.05E-03,-1.13E-03
1587,1575,9.01E-03,1.03E-02,-1.03E-02,1.05E-03,-9.82E-04
1587,1576,6.35E-03,1.03E-02,-1.03E-02,1.05E-03,-1.13E-03
1587,1577,5.88E-03,5.65E-03,-5.65E-03,1.05E-03,-1.16E-03
1587,1579,5.00E-03,5.62E-03,-5.62E-03,1.05E-03,-1.15E-03
1587,1580,4.09E-03,5.62E-03,-5.62E-03,1.05E-03,-1.22E-03
1587,1582,3.33E-03,4.11E-03,-4.11E-03,1.05E-03,-1.18E-03
1587,1585,2.13E-03,3.00E-03,-3.00E-03,1.05E-03,-1.07E-03
1587,1586,3.20E-04,3.00E-03,-3.00E-03,1.05E-03,-1.19E-03
1587,1588,-6.54E-04,-1.54E-07,1.54E-07,1.05E-03,-1.13E-03
1587,1590,-1.22E-03,-1.25E-06,1.25E-06,1.05E-03,-1.06E-03
1587,1591,-1.94E-03,-1.59E-03,1.59E-03,1.05E-03,-1.24E-03
1587,1595,-3.08E-03,-2.61E-03,2.61E-03,1.05E-03,-1.17E-03
1587,1596,-3.08E-03,-2.61E-03,2.61E-03,1.05E-03,-9.56E-04
1587,1597,-3.64E-03,-2.61E-03,2.61E-03,1.05E-03,-1.07E-03
1587,1598,-4.42E-03,-2.61E-03,2.61E-03,1.05E-03,-9.37E-04
1587,1599,-9.21E-03,-1.05E-02,1.05E-02,1.05E-03,-1.11E-03
1587,1600,-1.03E-02,-1.05E-02,1.05E-02,1.05E-03,-1.07E-03
1587,1605,-1.28E-02,-1.37E-02,1.37E-02,1.05E-03,-9.63E-04
1587,1606,-1.35E-02,-1.37E-02,1.37E-02,1.05E-03,-1.05E-03
1587,1607,-1.42E-02,-1.37E-02,1.37E-02,1.05E-03,-1.15E-03
1587,1610,-1.56E-02,-1.47E-02,1.47E-02,1.05E-03,-1.11E-03
1587,1611,-2.23E-02,-2.26E-02,2.26E-02,1.05E-03,-7.99E-04
1587,1612,-2.28E-02,-2.37E-02,2.37E-02,1.05E-03,-8.97E-04
1587,1613,-2.35E-02,-2.37E-02,2.37E-02,1.05E-03,-9.60E-04
1588,1551,1.82E-02,1.92E-02,-1.92E-02,1.13E-03,-9.98E-04
1588,1552,1.82E-02,1.92E-02,-1.92E-02,1.13E-03,-9.01E-04
1588,1553,1.63E-02,1.92E-02,-1.92E-02,1.13E-03,-9.03E-04
1588,1554,1.56E-02,1.50E-02,-1.50E-02,1.13E-03,-1.01E-03
1588,1555,1.47E-02,1.49E-02,-1.49E-02,1.13E-03,-1.13E-03
1588,1557,1.41E-02,1.28E-02,-1.28E-02,1.13E-03,-1.07E-03
1588,1568,1.11E-02,1.18E-02,-1.18E-02,1.13E-03,-1.13E-03
1588,1572,1.02E-02,1.06E-02,-1.06E-02,1.13E-03,-1.13E-03
1588,1575,9.66E-03,1.03E-02,-1.03E-02,1.13E-03,-9.82E-04
1588,1576,7.01E-03,1.03E-02,-1.03E-02,1.13E-03,-1.13E-03
1588,1577,6.53E-03,5.65E-03,-5.65E-03,1.13E-03,-1.16E-03
1588,1579,5.65E-03,5.62E-03,-5.62E-03,1.13E-03,-1.15E-03
1588,1580,4.74E-03,5.62E-03,-5.62E-03,1.13E-03,-1.22E-03
1588,1582,3.99E-03,4.11E-03,-4.11E-03,1.13E-03,-1.18E-03
1588,1585,2.78E-03,3.00E-03,-3.00E-03,1.13E-03,-1.07E-03
1588,1586,9.74E-04,3.00E-03,-3.00E-03,1.13E-03,-1.19E-03
1588,1587,6.54E-04,1.54E-07,-1.54E-07,1.13E-03,-1.05E-03
1588,1590,-5.62E-04,-1.10E-06,1.10E-06,1.13E-03,-1.06E-03
1588,1591,-1.29E-03,-1.59E-03,1.59E-03,1.13E-03,-1.24E-03
1588,1595,-2.42E-03,-2.61E-03,2.61E-03,1.13E-03,-1.17E-03
1588,1596,-2.42E-03,-2.61E-03,2.61E-03,1.13E-03,-9.56E-04
1588,1597,-2.99E-03,-2.61E-03,2.61E-03,1.13E-03,-1.07E-03
1588,1598,-3.77E-03,-2.61E-03,2.61E-03,1.13E-03,-9.37E-04
1588,1599,-8.56E-03,-1.05E-02,1.05E-02,1.13E-03,-1.11E-03
1588,1600,-9.67E-03,-1.05E-02,1.05E-02,1.13E-03,-1.07E-03
1588,1605,-1.22E-02,-1.37E-02,1.37E-02,1.13E-03,-9.63E-04
1588,1606,-1.28E-02,-1.37E-02,1.37E-02,1.13E-03,-1.05E-03
1588,1607,-1.36E-02,-1.37E-02,1.37E-02,1.13E-03,-1.15E-03
1588,1610,-1.50E-02,-1.47E-02,1.47E-02,1.13E-03,-1.11E-03
1588,1611,-2.16E-02,-2.26E-02,2.26E-02,1.13E-03,-7.99E-04
1588,1612,-2.22E-02,-2.37E-02,2.37E-02,1.13E-03,-8.97E-04
1588,1613,-2.28E-02,-2.37E-02,2.37E-02,1.13E-03,-9.60E-04
1590,1551,1.88E-02,1.92E-02,-1.92E-02,1.06E-03,-9.98E-04
1590,1552,1.88E-02,1.92E-02,-1.92E-02,1.06E-03,-9.01E-04
1590,1553,1.69E-02,1.92E-02,-1.92E-02,1.06E-03,-9.03E-04
1590,1554,1.61E-02,1.50E-02,-1.50E-02,1.06E-03,-1.01E-03
1590,1555,1.53E-02,1.49E-02,-1.49E-02,1.06E-03,-1.13E-03
1590,1557,1.47E-02,1.28E-02,-1.28E-02,1.06E-03,-1.07E-03
1590,1568,1.17E-02,1.18E-02,-1.18E-02,1.06E-03,-1.13E-03
1590,1572,1.08E-02,1.06E-02,-1.06E-02,1.06E-03,-1.13E-03
1590,1575,1.02E-02,1.03E-02,-1.03E-02,1.06E-03,-9.82E-04
1590,1576,7.57E-03,1.03E-02,-1.03E-02,1.06E-03,-1.13E-03
1590,1577,7.10E-03,5.66E-03,-5.66E-03,1.06E-03,-1.16E-03
1590,1579,6.21E-03,5.62E-03,-5.62E-03,1.06E-03,-1.15E-03
1590,1580,5.31E-03,5.62E-03,-5.62E-03,1.06E-03,-1.22E-03
1590,1582,4.55E-03,4.11E-03,-4.11E-03,1.06E-03,-1.18E-03
1590,1585,3.34E-03,3.00E-03,-3.00E-03,1.06E-03,-1.07E-03
1590,1586,1.54E-03,3.00E-03,-3.00E-03,1.06E-03,-1.19E-03
1590,1587,1.22E-03,1.25E-06,-1.25E-06,1.06E-03,-1.05E-03
1590,1588,5.62E-04,1.10E-06,-1.10E-06,1.06E-03,-1.13E-03
1590,1591,-7.26E-04,-1.59E-03,1.59E-03,1.06E-03,-1.24E-03
1590,1595,-1.86E-03,-2.61E-03,2.61E-03,1.06E-03,-1.17E-03
1590,1596,-1.86E-03,-2.61E-03,2.61E-03,1.06E-03,-9.56E-04
1590,1597,-2.42E-03,-2.61E-03,2.61E-03,1.06E-03,-1.07E-03
1590,1598,-3.21E-03,-2.61E-03,2.61E-03,1.06E-03,-9.37E-04
1590,1599,-8.00E-03,-1.05E-02,1.05E-02,1.06E-03,-1.11E-03
1590,1600,-9.11E-03,-1.05E-02,1.05E-02,1.06E-03,-1.07E-03
1590,1605,-1.16E-02,-1.37E-02,1.37E-02,1.06E-03,-9.63E-04
1590,1606,-1.23E-02,-1.37E-02,1.37E-02,1.06E-03,-1.05E-03
1590,1607,-1.30E-02,-1.37E-02,1.37E-02,1.06E-03,-1.15E-03
1590,1610,-1.44E-02,-1.47E-02,1.47E-02,1.06E-03,-1.11E-03
1590,1611,-2.11E-02,-2.26E-02,2.26E-02,1.06E-03,-7.99E-04
1590,1612,-2.16E-02,-2.37E-02,2.37E-02,1.06E-03,-8.97E-04
1590,1613,-2.23E-02,-2.37E-02,2.37E-02,1.06E-03,-9.60E-04
1591,1551,1.95E-02,2.08E-02,-2.08E-02,1.24E-03,-9.98E-04
1591,1552,1.95E-02,2.08E-02,-2.08E-02,1.24E-03,-9.01E-04
1591,1553,1.76E-02,2.08E-02,-2.08E-02,1.24E-03,-9.03E-04
1591,1554,1.68E-02,1.66E-02,-1.66E-02,1.24E-03,-1.01E-03
1591,1555,1.60E-02,1.65E-02,-1.65E-02,1.24E-03,-1.13E-03
1591,1557,1.54E-02,1.44E-02,-1.44E-02,1.24E-03,-1.07E-03
1591,1568,1.24E-02,1.34E-02,-1.34E-02,1.24E-03,-1.13E-03
1591,1572,1.15E-02,1.21E-02,-1.21E-02,1.24E-03,-1.13E-03
1591,1575,1.09E-02,1.19E-02,-1.19E-02,1.24E-03,-9.82E-04
1591,1576,8.30E-03,1.19E-02,-1.19E-02,1.24E-03,-1.13E-03
1591,1577,7.82E-03,7.25E-03,-7.25E-03,1.24E-03,-1.16E-03
1591,1579,6.94E-03,7.21E-03,-7.21E-03,1.24E-03,-1.15E-03
1591,1580,6.03E-03,7.21E-03,-7.21E-03,1.24E-03,-1.22E-03
1591,1582,5.27E-03,5.70E-03,-5.70E-03,1.24E-03,-1.18E-03
1591,1585,4.07E-03,4.60E-03,-4.60E-03,1.24E-03,-1.07E-03
1591,1586,2.26E-03,4.60E-03,-4.60E-03,1.24E-03,-1.19E-03
1591,1587,1.94E-03,1.59E-03,-1.59E-03,1.24E-03,-1.05E-03
1591,1588,1.29E-03,1.59E-03,-1.59E-03,1.24E-03,-1.13E-03
1591,1590,7.26E-04,1.59E-03,-1.59E-03,1.24E-03,-1.06E-03
1591,1595,-1.13E-03,-1.02E-03,1.02E-03,1.24E-03,-1.17E-03
1591,1596,-1.13E-03,-1.02E-03,1.02E-03,1.24E-03,-9.56E-04
1591,1597,-1.70E-03,-1.02E-03,1.02E-03,1.24E-03,-1.07E-03
1591,1598,-2.48E-03,-1.02E-03,1.02E-03,1.24E-03,-9.37E-04
1591,1599,-7.27E-03,-8.95E-03,8.95E-03,1.24E-03,-1.11E-03
1591,1600,-8.39E-03,-8.95E-03,8.95E-03,1.24E-03,-1.07E-03
1591,1605,-1.09E-02,-1.21E-02,1.21E-02,1.24E-03,-9.63E-04
1591,1606,-1.15E-02,-1.21E-02,1.21E-02,1.24E-03,-1.05E-03
1591,1607,-1.23E-02,-1.21E-02,1.21E-02,1.24E-03,-1.15E-03
1591,1610,-1.37E-02,-1.32E-02,1.32E-02,1.24E-03,-1.11E-03
1591,1611,-2.03E-02,-2.10E-02,2.10E-02,1.24E-03,-7.99E-04
1591,1612,-2.09E-02,-2.21E-02,2.21E-02,1.24E-03,-8.97E-04
1591,1613,-2.15E-02,-2.22E-02,2.22E-02,1.24E-03,-9.60E-04
1595,1551,2.06E-02,2.18E-02,-2.18E-02,1.17E-03,-9.98E-04
1595,1552,2.06E-02,2.18E-02,-2.18E-02,1.17E-03,-9.01E-04
1595,1553,1.87E-02,2.18E-02,-2.18E-02,1.17E-03,-9.03E-04
1595,1554,1.80E-02,1.76E-02,-1.76E-02,1.17E-03,-1.01E-03
1595,1555,1.72E-02,1.75E-02,-1.75E-02,1.17E-03,-1.13E-03
1595,1557,1.66E-02,1.55E-02,-1.55E-02,1.17E-03,-1.07E-03
1595,1568,1.35E-02,1.44E-02,-1.44E-02,1.17E-03,-1.13E-03
1595,1572,1.26E-02,1.32E-02,-1.32E-02,1.17E-03,-1.13E-03
1595,1575,1.21E-02,1.29E-02,-1.29E-02,1.17E-03,-9.82E-04
1595,1576,9.43E-03,1.29E-02,-1.29E-02,1.17E-03,-1.13E-03
1595,1577,8.96E-03,8.27E-03,-8.27E-03,1.17E-03,-1.16E-03
1595,1579,8.07E-03,8.23E-03,-8.23E-03,1.17E-03,-1.15E-03
1595,1580,7.16E-03,8.23E-03,-8.23E-03,1.17E-03,-1.22E-03
1595,1582,6.41E-03,6.72E-03,-6.72E-03,1.17E-03,-1.18E-03
1595,1585,5.20E-03,5.62E-03,-5.62E-03,1.17E-03,-1.07E-03
1595,1586,3.39E-03,5.62E-03,-5.62E-03,1.17E-03,-1.19E-03
1595,1587,3.08E-03,2.61E-03,-2.61E-03,1.17E-03,-1.05E-03
1595,1588,2.42E-03,2.61E-03,-2.61E-03,1.17E-03,-1.13E-03
1595,1590,1.86E-03,2.61E-03,-2.61E-03,1.17E-03,-1.06E-03
1595,1591,1.13E-03,1.02E-03,-1.02E-03,1.17E-03,-1.24E-03
1595,1597,-5.65E-04,-6.61E-08,6.61E-08,1.17E-03,-1.07E-03
1595,1598,-1.35E-03,-1.27E-07,1.27E-07,1.17E-03,-9.37E-04
1595,1599,-6.14E-03,-7.94E-03,7.94E-03,1.17E-03,-1.11E-03
1595,1600,-7.25E-03,-7.94E-03,7.94E-03,1.17E-03,-1.07E-03
1595,1605,-9.74E-03,-1.11E-02,1.11E-02,1.17E-03,-9.63E-04
1595,1606,-1.04E-02,-1.11E-02,1.11E-02,1.17E-03,-1.05E-03
1595,1607,-1.11E-02,-1.11E-02,1.11E-02,1.17E-03,-1.15E-03
1595,1610,-1.26E-02,-1.21E-02,1.21E-02,1.17E-03,-1.11E-03
1595,1611,-1.92E-02,-2.00E-02,2.00E-02,1.17E-03,-7.99E-04
1595,1612,-1.98E-02,-2.11E-02,2.11E-02,1.17E-03,-8.97E-04
1595,1613,-2.04E-02,-2.11E-02,2.11E-02,1.17E-03,-9.60E-04
1596,1551,2.06E-02,2.18E-02,-2.18E-02,9.56E-04,-9.98E-04
1596,1552,2.06E-02,2.18E-02,-2.18E-02,9.56E-04,-9.01E-04
1596,1553,1.87E-02,2.18E-02,-2.18E-02,9.56E-04,-9.03E-04
1596,1554,1.80E-02,1.76E-02,-1.76E-02,9.56E-04,-1.01E-03
1596,1555,1.72E-02,1.75E-02,-1.75E-02,9.56E-04,-1.13E-03
1596,1557,1.66E-02,1.55E-02,-1.55E-02,9.56E-04,-1.07E-03
1596,1568,1.36E-02,1.44E-02,-1.44E-02,9.56E-04,-1.13E-03
1596,1572,1.26E-02,1.32E-02,-1.32E-02,9.56E-04,-1.13E-03
1596,1575,1.21E-02,1.29E-02,-1.29E-02,9.56E-04,-9.82E-04
1596,1576,9.43E-03,1.29E-02,-1.29E-02,9.56E-04,-1.13E-03
1596,1577,8.96E-03,8.27E-03,-8.27E-03,9.56E-04,-1.16E-03
1596,1579,8.07E-03,8.23E-03,-8.23E-03,9.56E-04,-1.15E-03
1596,1580,7.17E-03,8.23E-03,-8.23E-03,9.56E-04,-1.22E-03
1596,1582,6.41E-03,6.72E-03,-6.72E-03,9.56E-04,-1.18E-03
1596,1585,5.20E-03,5.62E-03,-5.62E-03,9.56E-04,-1.07E-03
1596,1586,3.40E-03,5.62E-03,-5.62E-03,9.56E-04,-1.19E-03
1596,1587,3.08E-03,2.61E-03,-2.61E-03,9.56E-04,-1.05E-03
1596,1588,2.42E-03,2.61E-03,-2.61E-03,9.56E-04,-1.13E-03
1596,1590,1.86E-03,2.61E-03,-2.61E-03,9.56E-04,-1.06E-03
1596,1591,1.13E-03,1.02E-03,-1.02E-03,9.56E-04,-1.24E-03
1596,1598,-1.35E-03,-6.61E-08,6.61E-08,9.56E-04,-9.37E-04
1596,1599,-6.14E-03,-7.94E-03,7.94E-03,9.56E-04,-1.11E-03
1596,1600,-7.25E-03,-7.94E-03,7.94E-03,9.56E-04,-1.07E-03
1596,1605,-9.74E-03,-1.11E-02,1.11E-02,9.56E-04,-9.63E-04
1596,1606,-1.04E-02,-1.11E-02,1.11E-02,9.56E-04,-1.05E-03
1596,1607,-1.11E-02,-1.11E-02,1.11E-02,9.56E-04,-1.15E-03
1596,1610,-1.26E-02,-1.21E-02,1.21E-02,9.56E-04,-1.11E-03
1596,1611,-1.92E-02,-2.00E-02,2.00E-02,9.56E-04,-7.99E-04
1596,1612,-1.98E-02,-2.11E-02,2.11E-02,9.56E-04,-8.97E-04
1596,1613,-2.04E-02,-2.11E-02,2.11E-02,9.56E-04,-9.60E-04
1597,1551,2.12E-02,2.18E-02,-2.18E-02,1.07E-03,-9.98E-04
1597,1552,2.12E-02,2.18E-02,-2.18E-02,1.07E-03,-9.01E-04
1597,1553,1.93E-02,2.18E-02,-2.18E-02,1.07E-03,-9.03E-04
1597,1554,1.85E-02,1.76E-02,-1.76E-02,1.07E-03,-1.01E-03
1597,1555,1.77E-02,1.75E-02,-1.75E-02,1.07E-03,-1.13E-03
1597,1557,1.71E-02,1.55E-02,-1.55E-02,1.07E-03,-1.07E-03
1597,1568,1.41E-02,1.44E-02,-1.44E-02,1.07E-03,-1.13E-03
1597,1572,1.32E-02,1.32E-02,-1.32E-02,1.07E-03,-1.13E-03
1597,1575,1.26E-02,1.29E-02,-1.29E-02,1.07E-03,-9.82E-04
1597,1576,9.99E-03,1.29E-02,-1.29E-02,1.07E-03,-1.13E-03
1597,1577,9.52E-03,8.27E-03,-8.27E-03,1.07E-03,-1.16E-03
1597,1579,8.64E-03,8.23E-03,-8.23E-03,1.07E-03,-1.15E-03
1597,1580,7.73E-03,8.23E-03,-8.23E-03,1.07E-03,-1.22E-03
1597,1582,6.97E-03,6.72E-03,-6.72E-03,1.07E-03,-1.18E-03
1597,1585,5.77E-03,5.62E-03,-5.62E-03,1.07E-03,-1.07E-03
1597,1586,3.96E-03,5.62E-03,-5.62E-03,1.07E-03,-1.19E-03
1597,1587,3.64E-03,2.61E-03,-2.61E-03,1.07E-03,-1.05E-03
1597,1588,2.99E-03,2.61E-03,-2.61E-03,1.07E-03,-1.13E-03
1597,1590,2.42E-03,2.61E-03,-2.61E-03,1.07E-03,-1.06E-03
1597,1591,1.70E-03,1.02E-03,-1.02E-03,1.07E-03,-1.24E-03
1597,1595,5.65E-04,6.61E-08,-6.61E-08,1.07E-03,-1.17E-03
1597,1598,-7.83E-04,-6.10E-08,6.10E-08,1.07E-03,-9.37E-04
1597,1599,-5.57E-03,-7.94E-03,7.94E-03,1.07E-03,-1.11E-03
1597,1600,-6.69E-03,-7.94E-03,7.94E-03,1.07E-03,-1.07E-03
1597,1605,-9.18E-03,-1.11E-02,1.11E-02,1.07E-03,-9.63E-04
1597,1606,-9.85E-03,-1.11E-02,1.11E-02,1.07E-03,-1.05E-03
1597,1607,-1.06E-02,-1.11E-02,1.11E-02,1.07E-03,-1.15E-03
1597,1610,-1.20E-02,-1.21E-02,1.21E-02,1.07E-03,-1.11E-03
1597,1611,-1.86E-02,-2.00E-02,2.00E-02,1.07E-03,-7.99E-04
1597,1612,-1.92E-02,-2.11E-02,2.11E-02,1.07E-03,-8.97E-04
1597,1613,-1.98E-02,-2.11E-02,2.11E-02,1.07E-03,-9.60E-04
1598,1551,2.20E-02,2.18E-02,-2.18E-02,9.37E-04,-9.98E-04
1598,1552,2.20E-02,2.18E-02,-2.18E-02,9.37E-04,-9.01E-04
1598,1553,2.01E-02,2.18E-02,-2.18E-02,9.37E-04,-9.03E-04
1598,1554,1.93E-02,1.76E-02,-1.76E-02,9.37E-04,-1.01E-03
1598,1555,1.85E-02,1.75E-02,-1.75E-02,9.37E-04,-1.13E-03
1598,1557,1.79E-02,1.55E-02,-1.55E-02,9.37E-04,-1.07E-03
1598,1568,1.49E-02,1.44E-02,-1.44E-02,9.37E-04,-1.13E-03
1598,1572,1.40E-02,1.32E-02,-1.32E-02,9.37E-04,-1.13E-03
1598,1575,1.34E-02,1.29E-02,-1.29E-02,9.37E-04,-9.82E-04
1598,1576,1.08E-02,1.29E-02,-1.29E-02,9.37E-04,-1.13E-03
1598,1577,1.03E-02,8.27E-03,-8.27E-03,9.37E-04,-1.16E-03
1598,1579,9.42E-03,8.23E-03,-8.23E-03,9.37E-04,-1.15E-03
1598,1580,8.51E-03,8.23E-03,-8.23E-03,9.37E-04,-1.22E-03
1598,1582,7.75E-03,6.72E-03,-6.72E-03,9.37E-04,-1.18E-03
1598,1585,6.55E-03,5.62E-03,-5.62E-03,9.37E-04,-1.07E-03
1598,1586,4.74E-03,5.62E-03,-5.62E-03,9.37E-04,-1.19E-03
1598,1587,4.42E-03,2.61E-03,-2.61E-03,9.37E-04,-1.05E-03
1598,1588,3.77E-03,2.61E-03,-2.61E-03,9.37E-04,-1.13E-03
1598,1590,3.21E-03,2.61E-03,-2.61E-03,9.37E-04,-1.06E-03
1598,1591,2.48E-03,1.02E-03,-1.02E-03,9.37E-04,-1.24E-03
1598,1595,1.35E-03,1.27E-07,-1.27E-07,9.37E-04,-1.17E-03
1598,1596,1.35E-03,6.61E-08,-6.61E-08,9.37E-04,-9.56E-04
1598,1597,7.83E-04,6.10E-08,-6.10E-08,9.37E-04,-1.07E-03
1598,1599,-4.79E-03,-7.94E-03,7.94E-03,9.37E-04,-1.11E-03
1598,1600,-5.90E-03,-7.94E-03,7.94E-03,9.37E-04,-1.07E-03
1598,1605,-8.39E-03,-1.11E-02,1.11E-02,9.37E-04,-9.63E-04
1598,1606,-9.06E-03,-1.11E-02,1.11E-02,9.37E-04,-1.05E-03
1598,1607,-9.80E-03,-1.11E-02,1.11E-02,9.37E-04,-1.15E-03
1598,1610,-1.12E-02,-1.21E-02,1.21E-02,9.37E-04,-1.11E-03
1598,1611,-1.79E-02,-2.00E-02,2.00E-02,9.37E-04,-7.99E-04
1598,1612,-1.84E-02,-2.11E-02,2.11E-02,9.37E-04,-8.97E-04
1598,1613,-1.91E-02,-2.11E-02,2.11E-02,9.37E-04,-9.60E-04
1599,1551,2.68E-02,2.97E-02,-2.97E-02,1.11E-03,-9.98E-04
1599,1552,2.68E-02,2.97E-02,-2.97E-02,1.11E-03,-9.01E-04
1599,1553,2.49E-02,2.97E-02,-2.97E-02,1.11E-03,-9.03E-04
1599,1554,2.41E-02,2.55E-02,-2.55E-02,1.11E-03,-1.01E-03
1599,1555,2.33E-02,2.55E-02,-2.55E-02,1.11E-03,-1.13E-03
1599,1557,2.27E-02,2.34E-02,-2.34E-02,1.11E-03,-1.07E-03
1599,1568,1.97E-02,2.24E-02,-2.24E-02,1.11E-03,-1.13E-03
1599,1572,1.88E-02,2.11E-02,-2.11E-02,1.11E-03,-1.13E-03
1599,1575,1.82E-02,2.08E-02,-2.08E-02,1.11E-03,-9.82E-04
1599,1576,1.56E-02,2.08E-02,-2.08E-02,1.11E-03,-1.13E-03
1599,1577,1.51E-02,1.62E-02,-1.62E-02,1.11E-03,-1.16E-03
1599,1579,1.42E-02,1.62E-02,-1.62E-02,1.11E-03,-1.15E-03
1599,1580,1.33E-02,1.62E-02,-1.62E-02,1.11E-03,-1.22E-03
1599,1582,1.25E-02,1.47E-02,-1.47E-02,1.11E-03,-1.18E-03
1599,1585,1.13E-02,1.36E-02,-1.36E-02,1.11E-03,-1.07E-03
1599,1586,9.53E-03,1.36E-02,-1.36E-02,1.11E-03,-1.19E-03
1599,1587,9.21E-03,1.05E-02,-1.05E-02,1.11E-03,-1.05E-03
1599,1588,8.56E-03,1.05E-02,-1.05E-02,1.11E-03,-1.13E-03
1599,1590,8.00E-03,1.05E-02,-1.05E-02,1.11E-03,-1.06E-03
1599,1591,7.27E-03,8.95E-03,-8.95E-03,1.11E-03,-1.24E-03
1599,1595,6.14E-03,7.94E-03,-7.94E-03,1.11E-03,-1.17E-03
1599,1596,6.14E-03,7.94E-03,-7.94E-03,1.11E-03,-9.56E-04
1599,1597,5.57E-03,7.94E-03,-7.94E-03,1.11E-03,-1.07E-03
1599,1598,4.79E-03,7.94E-03,-7.94E-03,1.11E-03,-9.37E-04
1599,1600,-1.11E-03,-1.47E-07,1.47E-07,1.11E-03,-1.07E-03
1599,1605,-3.60E-03,-3.14E-03,3.14E-03,1.11E-03,-9.63E-04
1599,1606,-4.27E-03,-3.14E-03,3.14E-03,1.11E-03,-1.05E-03
1599,1607,-5.00E-03,-3.17E-03,3.17E-03,1.11E-03,-1.15E-03
1599,1610,-6.43E-03,-4.20E-03,4.20E-03,1.11E-03,-1.11E-03
1599,1611,-1.31E-02,-1.21E-02,1.21E-02,1.11E-03,-7.99E-04
1599,1612,-1.36E-02,-1.32E-02,1.32E-02,1.11E-03,-8.97E-04
1599,1613,-1.43E-02,-1.32E-02,1.32E-02,1.11E-03,-9.60E-04
1600,1551,2.79E-02,2.97E-02,-2.97E-02,1.07E-03,-9.98E-04
1600,1552,2.79E-02,2.97E-02,-2.97E-02,1.07E-03,-9.01E-04
1600,1553,2.60E-02,2.97E-02,-2.97E-02,1.07E-03,-9.03E-04
1600,1554,2.52E-02,2.55E-02,-2.55E-02,1.07E-03,-1.01E-03
1600,1555,2.44E-02,2.55E-02,-2.55E-02,1.07E-03,-1.13E-03
1600,1557,2.38E-02,2.34E-02,-2.34E-02,1.07E-03,-1.07E-03
1600,1568,2.08E-02,2.24E-02,-2.24E-02,1.07E-03,-1.13E-03
1600,1572,1.99E-02,2.11E-02,-2.11E-02,1.07E-03,-1.13E-03
1600,1575,1.93E-02,2.08E-02,-2.08E-02,1.07E-03,-9.82E-04
1600,1576,1.67E-02,2.08E-02,-2.08E-02,1.07E-03,-1.13E-03
1600,1577,1.62E-02,1.62E-02,-1.62E-02,1.07E-03,-1.16E-03
1600,1579,1.53E-02,1.62E-02,-1.62E-02,1.07E-03,-1.15E-03
1600,1580,1.44E-02,1.62E-02,-1.62E-02,1.07E-03,-1.22E-03
1600,1582,1.37E-02,1.47E-02,-1.47E-02,1.07E-03,-1.18E-03
1600,1585,1.25E-02,1.36E-02,-1.36E-02,1.07E-03,-1.07E-03
1600,1586,1.06E-02,1.36E-02,-1.36E-02,1.07E-03,-1.19E-03
1600,1587,1.03E-02,1.05E-02,-1.05E-02,1.07E-03,-1.05E-03
1600,1588,9.67E-03,1.05E-02,-1.05E-02,1.07E-03,-1.13E-03
1600,1590,9.11E-03,1.05E-02,-1.05E-02,1.07E-03,-1.06E-03
1600,1591,8.39E-03,8.95E-03,-8.95E-03,1.07E-03,-1.24E-03
1600,1595,7.25E-03,7.94E-03,-7.94E-03,1.07E-03,-1.17E-03
1600,1596,7.25E-03,7.94E-03,-7.94E-03,1.07E-03,-9.56E-04
1600,1597,6.69E-03,7.94E-03,-7.94E-03,1.07E-03,-1.07E-03
1600,1598,5.90E-03,7.94E-03,-7.94E-03,1.07E-03,-9.37E-04
1600,1599,1.11E-03,1.47E-07,-1.47E-07,1.07E-03,-1.11E-03
1600,1605,-2.49E-03,-3.14E-03,3.14E-03,1.07E-03,-9.63E-04
1600,1606,-3.16E-03,-3.14E-03,3.14E-03,1.07E-03,-1.05E-03
1600,1607,-3.89E-03,-3.17E-03,3.17E-03,1.07E-03,-1.15E-03
1600,1610,-5.32E-03,-4.20E-03,4.20E-03,1.07E-03,-1.11E-03
1600,1611,-1.20E-02,-1.21E-02,1.21E-02,1.07E-03,-7.99E-04
1600,1612,-1.25E-02,-1.32E-02,1.32E-02,1.07E-03,-8.97E-04
1600,1613,-1.32E-02,-1.32E-02,1.32E-02,1.07E-03,-9.60E-04
1605,1551,3.04E-02,3.29E-02,-3.29E-02,9.63E-04,-9.98E-04
1605,1552,3.04E-02,3.29E-02,-3.29E-02,9.63E-04,-9.01E-04
1605,1553,2.85E-02,3.29E-02,-3.29E-02,9.63E-04,-9.03E-04
1605,1554,2.77E-02,2.86E-02,-2.86E-02,9.63E-04,-1.01E-03
1605,1555,2.69E-02,2.86E-02,-2.86E-02,9.63E-04,-1.13E-03
1605,1557,2.63E-02,2.65E-02,-2.65E-02,9.63E-04,-1.07E-03
1605,1568,2.33E-02,2.55E-02,-2.55E-02,9.63E-04,-1.13E-03
1605,1572,2.24E-02,2.42E-02,-2.42E-02,9.63E-04,-1.13E-03
1605,1575,2.18E-02,2.40E-02,-2.40E-02,9.63E-04,-9.82E-04
1605,1576,1.92E-02,2.40E-02,-2.40E-02,9.63E-04,-1.13E-03
1605,1577,1.87E-02,1.93E-02,-1.93E-02,9.63E-04,-1.16E-03
1605,1579,1.78E-02,1.93E-02,-1.93E-02,9.63E-04,-1.15E-03
1605,1580,1.69E-02,1.93E-02,-1.93E-02,9.63E-04,-1.22E-03
1605,1582,1.61E-02,1.78E-02,-1.78E-02,9.63E-04,-1.18E-03
1605,1585,1.49E-02,1.67E-02,-1.67E-02,9.63E-04,-1.07E-03
1605,1586,1.31E-02,1.67E-02,-1.67E-02,9.63E-04,-1.19E-03
1605,1587,1.28E-02,1.37E-02,-1.37E-02,9.63E-04,-1.05E-03
1605,1588,1.22E-02,1.37E-02,-1.37E-02,9.63E-04,-1.13E-03
1605,1590,1.16E-02,1.37E-02,-1.37E-02,9.63E-04,-1.06E-03
1605,1591,1.09E-02,1.21E-02,-1.21E-02,9.63E-04,-1.24E-03
1605,1595,9.74E-03,1.11E-02,-1.11E-02,9.63E-04,-1.17E-03
1605,1596,9.74E-03,1.11E-02,-1.11E-02,9.63E-04,-9.56E-04
1605,1597,9.18E-03,1.11E-02,-1.11E-02,9.63E-04,-1.07E-03
1605,1598,8.39E-03,1.11E-02,-1.11E-02,9.63E-04,-9.37E-04
1605,1599,3.60E-03,3.14E-03,-3.14E-03,9.63E-04,-1.11E-03
1605,1600,2.49E-03,3.14E-03,-3.14E-03,9.63E-04,-1.07E-03
1605,1606,-6.71E-04,-3.38E-07,3.38E-07,9.63E-04,-1.05E-03
1605,1607,-1.40E-03,-3.35E-05,3.35E-05,9.63E-04,-1.15E-03
1605,1610,-2.83E-03,-1.06E-03,1.06E-03,9.63E-04,-1.11E-03
1605,1611,-9.47E-03,-8.93E-03,8.93E-03,9.63E-04,-7.99E-04
1605,1612,-1.00E-02,-1.00E-02,1.00E-02,9.63E-04,-8.97E-04
1605,1613,-1.07E-02,-1.01E-02,1.01E-02,9.63E-04,-9.60E-04
1606,1551,3.10E-02,3.29E-02,-3.29E-02,1.05E-03,-9.98E-04
1606,1552,3.10E-02,3.29E-02,-3.29E-02,1.05E-03,-9.01E-04
1606,1553,2.92E-02,3.29E-02,-3.29E-02,1.05E-03,-9.03E-04
1606,1554,2.84E-02,2.87E-02,-2.87E-02,1.05E-03,-1.01E-03
1606,1555,2.76E-02,2.86E-02,-2.86E-02,1.05E-03,-1.13E-03
1606,1557,2.70E-02,2.65E-02,-2.65E-02,1.05E-03,-1.07E-03
1606,1568,2.40E-02,2.55E-02,-2.55E-02,1.05E-03,-1.13E-03
1606,1572,2.30E-02,2.42E-02,-2.42E-02,1.05E-03,-1.13E-03
1606,1575,2.25E-02,2.40E-02,-2.40E-02,1.05E-03,-9.82E-04
1606,1576,1.98E-02,2.40E-02,-2.40E-02,1.05E-03,-1.13E-03
1606,1577,1.94E-02,1.93E-02,-1.93E-02,1.05E-03,-1.16E-03
1606,1579,1.85E-02,1.93E-02,-1.93E-02,1.05E-03,-1.15E-03
1606,1580,1.76E-02,1.93E-02,-1.93E-02,1.05E-03,-1.22E-03
1606,1582,1.68E-02,1.78E-02,-1.78E-02,1.05E-03,-1.18E-03
1606,1585,1.56E-02,1.67E-02,-1.67E-02,1.05E-03,-1.07E-03
1606,1586,1.38E-02,1.67E-02,-1.67E-02,1.05E-03,-1.19E-03
1606,1587,1.35E-02,1.37E-02,-1.37E-02,1.05E-03,-1.05E-03
1606,1588,1.28E-02,1.37E-02,-1.37E-02,1.05E-03,-1.13E-03
1606,1590,1.23E-02,1.37E-02,-1.37E-02,1.05E-03,-1.06E-03
1606,1591,1.15E-02,1.21E-02,-1.21E-02,1.05E-03,-1.24E-03
1606,1595,1.04E-02,1.11E-02,-1.11E-02,1.05E-03,-1.17E-03
1606,1596,1.04E-02,1.11E-02,-1.11E-02,1.05E-03,-9.56E-04
1606,1597,9.85E-03,1.11E-02,-1.11E-02,1.05E-03,-1.07E-03
1606,1598,9.06E-03,1.11E-02,-1.11E-02,1.05E-03,-9.37E-04
1606,1599,4.27E-03,3.14E-03,-3.14E-03,1.05E-03,-1.11E-03
1606,1600,3.16E-03,3.14E-03,-3.14E-03,1.05E-03,-1.07E-03
1606,1605,6.71E-04,3.38E-07,-3.38E-07,1.05E-03,-9.63E-04
1606,1607,-7.30E-04,-3.32E-05,3.32E-05,1.05E-03,-1.15E-03
1606,1610,-2.16E-03,-1.06E-03,1.06E-03,1.05E-03,-1.11E-03
1606,1611,-8.80E-03,-8.93E-03,8.93E-03,1.05E-03,-7.99E-04
1606,1612,-9.34E-03,-1.00E-02,1.00E-02,1.05E-03,-8.97E-04
1606,1613,-1.00E-02,-1.01E-02,1.01E-02,1.05E-03,-9.60E-04
1607,1551,3.18E-02,3.29E-02,-3.29E-02,1.15E-03,-9.98E-04
1607,1552,3.18E-02,3.29E-02,-3.29E-02,1.15E-03,-9.01E-04
1607,1553,2.99E-02,3.29E-02,-3.29E-02,1.15E-03,-9.03E-04
1607,1554,2.91E-02,2.87E-02,-2.87E-02,1.15E-03,-1.01E-03
1607,1555,2.83E-02,2.86E-02,-2.86E-02,1.15E-03,-1.13E-03
1607,1557,2.77E-02,2.66E-02,-2.66E-02,1.15E-03,-1.07E-03
1607,1568,2.47E-02,2.56E-02,-2.56E-02,1.15E-03,-1.13E-03
1607,1572,2.38E-02,2.43E-02,-2.43E-02,1.15E-03,-1.13E-03
1607,1575,2.32E-02,2.40E-02,-2.40E-02,1.15E-03,-9.82E-04
1607,1576,2.06E-02,2.40E-02,-2.40E-02,1.15E-03,-1.13E-03
1607,1577,2.01E-02,1.94E-02,-1.94E-02,1.15E-03,-1.16E-03
1607,1579,1.92E-02,1.93E-02,-1.93E-02,1.15E-03,-1.15E-03
1607,1580,1.83E-02,1.93E-02,-1.93E-02,1.15E-03,-1.22E-03
1607,1582,1.75E-02,1.78E-02,-1.78E-02,1.15E-03,-1.18E-03
1607,1585,1.63E-02,1.67E-02,-1.67E-02,1.15E-03,-1.07E-03
1607,1586,1.45E-02,1.67E-02,-1.67E-02,1.15E-03,-1.19E-03
1607,1587,1.42E-02,1.37E-02,-1.37E-02,1.15E-03,-1.05E-03
1607,1588,1.36E-02,1.37E-02,-1.37E-02,1.15E-03,-1.13E-03
1607,1590,1.30E-02,1.37E-02,-1.37E-02,1.15E-03,-1.06E-03
1607,1591,1.23E-02,1.21E-02,-1.21E-02,1.15E-03,-1.24E-03
1607,1595,1.11E-02,1.11E-02,-1.11E-02,1.15E-03,-1.17E-03
1607,1596,1.11E-02,1.11E-02,-1.11E-02,1.15E-03,-9.56E-04
1607,1597,1.06E-02,1.11E-02,-1.11E-02,1.15E-03,-1.07E-03
1607,1598,9.80E-03,1.11E-02,-1.11E-02,1.15E-03,-9.37E-04
1607,1599,5.00E-03,3.17E-03,-3.17E-03,1.15E-03,-1.11E-03
1607,1600,3.89E-03,3.17E-03,-3.17E-03,1.15E-03,-1.07E-03
1607,1605,1.40E-03,3.35E-05,-3.35E-05,1.15E-03,-9.63E-04
1607,1606,7.30E-04,3.32E-05,-3.32E-05,1.15E-03,-1.05E-03
1607,1610,-1.43E-03,-1.03E-03,1.03E-03,1.15E-03,-1.11E-03
1607,1611,-8.07E-03,-8.89E-03,8.89E-03,1.15E-03,-7.99E-04
1607,1612,-8.61E-03,-9.99E-03,9.99E-03,1.15E-03,-8.97E-04
1607,1613,-9.27E-03,-1.00E-02,1.00E-02,1.15E-03,-9.60E-04
1610,1551,3.32E-02,3.39E-02,-3.39E-02,1.11E-03,-9.98E-04
1610,1552,3.32E-02,3.39E-02,-3.39E-02,1.11E-03,-9.01E-04
1610,1553,3.13E-02,3.39E-02,-3.39E-02,1.11E-03,-9.03E-04
1610,1554,3.05E-02,2.97E-02,-2.97E-02,1.11E-03,-1.01E-03
1610,1555,2.97E-02,2.97E-02,-2.97E-02,1.11E-03,-1.13E-03
1610,1557,2.91E-02,2.76E-02,-2.76E-02,1.11E-03,-1.07E-03
1610,1568,2.61E-02,2.66E-02,-2.66E-02,1.11E-03,-1.13E-03
1610,1572,2.52E-02,2.53E-02,-2.53E-02,1.11E-03,-1.13E-03
1610,1575,2.47E-02,2.50E-02,-2.50E-02,1.11E-03,-9.82E-04
1610,1576,2.20E-02,2.50E-02,-2.50E-02,1.11E-03,-1.13E-03
1610,1577,2.15E-02,2.04E-02,-2.04E-02,1.11E-03,-1.16E-03
1610,1579,2.06E-02,2.04E-02,-2.04E-02,1.11E-03,-1.15E-03
1610,1580,1.97E-02,2.04E-02,-2.04E-02,1.11E-03,-1.22E-03
1610,1582,1.90E-02,1.89E-02,-1.89E-02,1.11E-03,-1.18E-03
1610,1585,1.78E-02,1.78E-02,-1.78E-02,1.11E-03,-1.07E-03
1610,1586,1.60E-02,1.78E-02,-1.78E-02,1.11E-03,-1.19E-03
1610,1587,1.56E-02,1.47E-02,-1.47E-02,1.11E-03,-1.05E-03
1610,1588,1.50E-02,1.47E-02,-1.47E-02,1.11E-03,-1.13E-03
1610,1590,1.44E-02,1.47E-02,-1.47E-02,1.11E-03,-1.06E-03
1610,1591,1.37E-02,1.32E-02,-1.32E-02,1.11E-03,-1.24E-03
1610,1595,1.26E-02,1.21E-02,-1.21E-02,1.11E-03,-1.17E-03
1610,1596,1.26E-02,1.21E-02,-1.21E-02,1.11E-03,-9.56E-04
1610,1597,1.20E-02,1.21E-02,-1.21E-02,1.11E-03,-1.07E-03
1610,1598,1.12E-02,1.21E-02,-1.21E-02,1.11E-03,-9.37E-04
1610,1599,6.43E-03,4.20E-03,-4.20E-03,1.11E-03,-1.11E-03
1610,1600,5.32E-03,4.20E-03,-4.20E-03,1.11E-03,-1.07E-03
1610,1605,2.83E-03,1.06E-03,-1.06E-03,1.11E-03,-9.63E-04
1610,1606,2.16E-03,1.06E-03,-1.06E-03,1.11E-03,-1.05E-03
1610,1607,1.43E-03,1.03E-03,-1.03E-03,1.11E-03,-1.15E-03
1610,1611,-6.64E-03,-7.87E-03,7.87E-03,1.11E-03,-7.99E-04
1610,1612,-7.18E-03,-8.96E-03,8.96E-03,1.11E-03,-8.97E-04
1610,1613,-7.84E-03,-9.00E-03,9.00E-03,1.11E-03,-9.60E-04
1611,1551,3.98E-02,4.18E-02,-4.18E-02,7.99E-04,-9.98E-04
1611,1552,3.98E-02,4.18E-02,-4.18E-02,7.99E-04,-9.01E-04
1611,1553,3.80E-02,4.18E-02,-4.18E-02,7.99E-04,-9.03E-04
1611,1554,3.72E-02,3.76E-02,-3.76E-02,7.99E-04,-1.01E-03
1611,1555,3.64E-02,3.75E-02,-3.75E-02,7.99E-04,-1.13E-03
1611,1557,3.58E-02,3.55E-02,-3.55E-02,7.99E-04,-1.07E-03
1611,1568,3.28E-02,3.45E-02,-3.45E-02,7.99E-04,-1.13E-03
1611,1572,3.18E-02,3.32E-02,-3.32E-02,7.99E-04,-1.13E-03
1611,1575,3.13E-02,3.29E-02,-3.29E-02,7.99E-04,-9.82E-04
1611,1576,2.86E-02,3.29E-02,-3.29E-02,7.99E-04,-1.13E-03
1611,1577,2.82E-02,2.83E-02,-2.83E-02,7.99E-04,-1.16E-03
1611,1579,2.73E-02,2.82E-02,-2.82E-02,7.99E-04,-1.15E-03
1611,1580,2.64E-02,2.82E-02,-2.82E-02,7.99E-04,-1.22E-03
1611,1582,2.56E-02,2.67E-02,-2.67E-02,7.99E-04,-1.18E-03
1611,1585,2.44E-02,2.56E-02,-2.56E-02,7.99E-04,-1.07E-03
1611,1586,2.26E-02,2.56E-02,-2.56E-02,7.99E-04,-1.19E-03
1611,1587,2.23E-02,2.26E-02,-2.26E-02,7.99E-04,-1.05E-03
1611,1588,2.16E-02,2.26E-02,-2.26E-02,7.99E-04,-1.13E-03
1611,1590,2.11E-02,2.26E-02,-2.26E-02,7.99E-04,-1.06E-03
1611,1591,2.03E-02,2.10E-02,-2.10E-02,7.99E-04,-1.24E-03
1611,1595,1.92E-02,2.00E-02,-2.00E-02,7.99E-04,-1.17E-03
1611,1596,1.92E-02,2.00E-02,-2.00E-02,7.99E-04,-9.56E-04
1611,1597,1.86E-02,2.00E-02,-2.00E-02,7.99E-04,-1.07E-03
1611,1598,1.79E-02,2.00E-02,-2.00E-02,7.99E-04,-9.37E-04
1611,1599,1.31E-02,1.21E-02,-1.21E-02,7.99E-04,-1.11E-03
1611,1600,1.20E-02,1.21E-02,-1.21E-02,7.99E-04,-1.07E-03
1611,1605,9.47E-03,8.93E-03,-8.93E-03,7.99E-04,-9.63E-04
1611,1606,8.80E-03,8.93E-03,-8.93E-03,7.99E-04,-1.05E-03
1611,1607,8.07E-03,8.89E-03,-8.89E-03,7.99E-04,-1.15E-03
1611,1610,6.64E-03,7.87E-03,-7.87E-03,7.99E-04,-1.11E-03
1611,1612,-5.43E-04,-1.10E-03,1.10E-03,7.99E-04,-8.97E-04
1611,1613,-1.20E-03,-1.13E-03,1.13E-03,7.99E-04,-9.60E-04
1612,1551,4.04E-02,4.29E-02,-4.29E-02,8.97E-04,-9.98E-04
1612,1552,4.04E-02,4.29E-02,-4.29E-02,8.97E-04,-9.01E-04
1612,1553,3.85E-02,4.29E-02,-4.29E-02,8.97E-04,-9.03E-04
1612,1554,3.77E-02,3.87E-02,-3.87E-02,8.97E-04,-1.01E-03
1612,1555,3.69E-02,3.86E-02,-3.86E-02,8.97E-04,-1.13E-03
1612,1557,3.63E-02,3.66E-02,-3.66E-02,8.97E-04,-1.07E-03
1612,1568,3.33E-02,3.55E-02,-3.55E-02,8.97E-04,-1.13E-03
1612,1572,3.24E-02,3.43E-02,-3.43E-02,8.97E-04,-1.13E-03
1612,1575,3.18E-02,3.40E-02,-3.40E-02,8.97E-04,-9.82E-04
1612,1576,2.92E-02,3.40E-02,-3.40E-02,8.97E-04,-1.13E-03
1612,1577,2.87E-02,2.94E-02,-2.94E-02,8.97E-04,-1.16E-03
1612,1579,2.78E-02,2.93E-02,-2.93E-02,8.97E-04,-1.15E-03
1612,1580,2.69E-02,2.93E-02,-2.93E-02,8.97E-04,-1.22E-03
1612,1582,2.62E-02,2.78E-02,-2.78E-02,8.97E-04,-1.18E-03
1612,1585,2.50E-02,2.67E-02,-2.67E-02,8.97E-04,-1.07E-03
1612,1586,2.31E-02,2.67E-02,-2.67E-02,8.97E-04,-1.19E-03
1612,1587,2.28E-02,2.37E-02,-2.37E-02,8.97E-04,-1.05E-03
1612,1588,2.22E-02,2.37E-02,-2.37E-02,8.97E-04,-1.13E-03
1612,1590,2.16E-02,2.37E-02,-2.37E-02,8.97E-04,-1.06E-03
1612,1591,2.09E-02,2.21E-02,-2.21E-02,8.97E-04,-1.24E-03
1612,1595,1.98E-02,2.11E-02,-2.11E-02,8.97E-04,-1.17E-03
1612,1596,1.98E-02,2.11E-02,-2.11E-02,8.97E-04,-9.56E-04
1612,1597,1.92E-02,2.11E-02,-2.11E-02,8.97E-04,-1.07E-03
1612,1598,1.84E-02,2.11E-02,-2.11E-02,8.97E-04,-9.37E-04
1612,1599,1.36E-02,1.32E-02,-1.32E-02,8.97E-04,-1.11E-03
1612,1600,1.25E-02,1.32E-02,-1.32E-02,8.97E-04,-1.07E-03
1612,1605,1.00E-02,1.00E-02,-1.00E-02,8.97E-04,-9.63E-04
1612,1606,9.34E-03,1.00E-02,-1.00E-02,8.97E-04,-1.05E-03
1612,1607,8.61E-03,9.99E-03,-9.99E-03,8.97E-04,-1.15E-03
1612,1610,7.18E-03,8.96E-03,-8.96E-03,8.97E-04,-1.11E-03
1612,1611,5.43E-04,1.10E-03,-1.10E-03,8.97E-04,-7.99E-04
1612,1613,-6.61E-04,-3.23E-05,3.23E-05,8.97E-04,-9.60E-04
1613,1551,4.10E-02,4.29E-02,-4.29E-02,9.60E-04,-9.98E-04
1613,1552,4.10E-02,4.29E-02,-4.29E-02,9.60E-04,-9.01E-04
1613,1553,3.92E-02,4.29E-02,-4.29E-02,9.60E-04,-9.03E-04
1613,1554,3.84E-02,3.87E-02,-3.87E-02,9.60E-04,-1.01E-03
1613,1555,3.76E-02,3.87E-02,-3.87E-02,9.60E-04,-1.13E-03
1613,1557,3.70E-02,3.66E-02,-3.66E-02,9.60E-04,-1.07E-03
1613,1568,3.40E-02,3.56E-02,-3.56E-02,9.60E-04,-1.13E-03
1613,1572,3.30E-02,3.43E-02,-3.43E-02,9.60E-04,-1.13E-03
1613,1575,3.25E-02,3.40E-02,-3.40E-02,9.60E-04,-9.82E-04
1613,1576,2.98E-02,3.40E-02,-3.40E-02,9.60E-04,-1.13E-03
1613,1577,2.94E-02,2.94E-02,-2.94E-02,9.60E-04,-1.16E-03
1613,1579,2.85E-02,2.94E-02,-2.94E-02,9.60E-04,-1.15E-03
1613,1580,2.76E-02,2.94E-02,-2.94E-02,9.60E-04,-1.22E-03
1613,1582,2.68E-02,2.79E-02,-2.79E-02,9.60E-04,-1.18E-03
1613,1585,2.56E-02,2.67E-02,-2.67E-02,9.60E-04,-1.07E-03
1613,1586,2.38E-02,2.67E-02,-2.67E-02,9.60E-04,-1.19E-03
1613,1587,2.35E-02,2.37E-02,-2.37E-02,9.60E-04,-1.05E-03
1613,1588,2.28E-02,2.37E-02,-2.37E-02,9.60E-04,-1.13E-03
1613,1590,2.23E-02,2.37E-02,-2.37E-02,9.60E-04,-1.06E-03
1613,1591,2.15E-02,2.22E-02,-2.22E-02,9.60E-04,-1.24E-03
1613,1595,2.04E-02,2.11E-02,-2.11E-02,9.60E-04,-1.17E-03
1613,1596,2.04E-02,2.11E-02,-2.11E-02,9.60E-04,-9.56E-04
1613,1597,1.98E-02,2.11E-02,-2.11E-02,9.60E-04,-1.07E-03
1613,1598,1.91E-02,2.11E-02,-2.11E-02,9.60E-04,-9.37E-04
1613,1599,1.43E-02,1.32E-02,-1.32E-02,9.60E-04,-1.11E-03
1613,1600,1.32E-02,1.32E-02,-1.32E-02,9.60E-04,-1.07E-03
1613,1605,1.07E-02,1.01E-02,-1.01E-02,9.60E-04,-9.63E-04
1613,1606,1.00E-02,1.01E-02,-1.01E-02,9.60E-04,-1.05E-03
1613,1607,9.27E-03,1.00E-02,-1.00E-02,9.60E-04,-1.15E-03
1613,1610,7.84E-03,9.00E-03,-9.00E-03,9.60E-04,-1.11E-03
1613,1611,1.20E-03,1.13E-03,-1.13E-03,9.60E-04,-7.99E-04
1613,1612,6.61E-04,3.23E-05,-3.23E-05,9.60E-04,-8.97E-04
